"KENYA IEBC ADMINISTRATIVE UNITS - Counties, Constituencies & Wards (2022 General Election)",,,,,,
"Source: Independent Electoral and Boundaries Commission (IEBC) - Registered Voters per County Assembly Ward, 2022 General Election",,,,,,
County Code,County Name,Constituency Code,Constituency Name,Ward Code,Ward Name,Registered Voters
1,MOMBASA,1,CHANGAMWE,1,PORT REITZ,17817
1,MOMBASA,1,CHANGAMWE,2,KIPEVU,16132
1,MOMBASA,1,CHANGAMWE,3,AIRPORT,18557
1,MOMBASA,1,CHANGAMWE,4,CHANGAMWE,18182
1,MOMBASA,1,CHANGAMWE,5,CHAANI,22873
1,MOMBASA,2,JOMVU,6,JOMVU KUU,24243
1,MOMBASA,2,JOMVU,7,MIRITINI,18048
1,MOMBASA,2,JOMVU,8,MIKINDANI,32794
1,MOMBASA,3,KISAUNI,9,MJAMBERE,22692
1,MOMBASA,3,KISAUNI,10,JUNDA,25602
1,MOMBASA,3,KISAUNI,11,BAMBURI,20470
1,MOMBASA,3,KISAUNI,12,MWAKIRUNGE,6423
1,MOMBASA,3,KISAUNI,13,MTOPANGA,19474
1,MOMBASA,3,KISAUNI,14,MAGOGONI,15105
1,MOMBASA,3,KISAUNI,15,SHANZU,25510
1,MOMBASA,4,NYALI,16,FRERE TOWN,24849
1,MOMBASA,4,NYALI,17,ZIWA LA NG'OMBE,23296
1,MOMBASA,4,NYALI,18,MKOMANI,24154
1,MOMBASA,4,NYALI,19,KONGOWEA,28846
1,MOMBASA,4,NYALI,20,KADZANDANI,23108
1,MOMBASA,5,LIKONI,21,MTONGWE,13937
1,MOMBASA,5,LIKONI,22,SHIKA ADABU,15437
1,MOMBASA,5,LIKONI,23,BOFU,18188
1,MOMBASA,5,LIKONI,24,LIKONI,13273
1,MOMBASA,5,LIKONI,25,TIMBWANI,33929
1,MOMBASA,6,MVITA,26,MJI WA KALE/MAKADARA,22341
1,MOMBASA,6,MVITA,27,TUDOR,22926
1,MOMBASA,6,MVITA,28,TONONOKA,23379
1,MOMBASA,6,MVITA,29,SHIMANZI/GANJONI,18556
1,MOMBASA,6,MVITA,30,MAJENGO,31772
2,KWALE,7,MSAMBWENI,31,GOMBATO BONGWE,20551
2,KWALE,7,MSAMBWENI,32,UKUNDA,24331
2,KWALE,7,MSAMBWENI,33,KINONDO,13463
2,KWALE,7,MSAMBWENI,34,RAMISI,23916
2,KWALE,8,LUNGALUNGA,35,PONGWE/KIKONENI,18833
2,KWALE,8,LUNGALUNGA,36,DZOMBO,14688
2,KWALE,8,LUNGALUNGA,37,MWERENI,15589
2,KWALE,8,LUNGALUNGA,38,VANGA,15744
2,KWALE,9,MATUGA,39,TSIMBA GOLINI,20453
2,KWALE,9,MATUGA,40,WAA,20681
2,KWALE,9,MATUGA,41,TIWI,11016
2,KWALE,9,MATUGA,42,KUBO SOUTH,12087
2,KWALE,9,MATUGA,43,MKONGANI,18778
2,KWALE,10,KINANGO,44,NDAVAYA,12743
2,KWALE,10,KINANGO,45,PUMA,9844
2,KWALE,10,KINANGO,46,KINANGO,15597
2,KWALE,10,KINANGO,47,MACKINNON ROAD,14214
2,KWALE,10,KINANGO,48,CHENGONI/SAMBURU,15037
2,KWALE,10,KINANGO,49,MWAVUMBO,16243
2,KWALE,10,KINANGO,50,KASEMENI,14445
3,KILIFI,11,KILIFI NORTH,51,TEZO,14830
3,KILIFI,11,KILIFI NORTH,52,SOKONI,23955
3,KILIFI,11,KILIFI NORTH,53,KIBARANI,15655
3,KILIFI,11,KILIFI NORTH,54,DABASO,13717
3,KILIFI,11,KILIFI NORTH,55,MATSANGONI,15168
3,KILIFI,11,KILIFI NORTH,56,WATAMU,15341
3,KILIFI,11,KILIFI NORTH,57,MNARANI,18076
3,KILIFI,12,KILIFI SOUTH,58,JUNJU,15747
3,KILIFI,12,KILIFI SOUTH,59,MWARAKAYA,12714
3,KILIFI,12,KILIFI SOUTH,60,SHIMO LA TEWA,32052
3,KILIFI,12,KILIFI SOUTH,61,CHASIMBA,14090
3,KILIFI,12,KILIFI SOUTH,62,MTEPENI,23093
3,KILIFI,13,KALOLENI,63,MARIAKANI,21332
3,KILIFI,13,KALOLENI,64,KAYAFUNGO,14897
3,KILIFI,13,KALOLENI,65,KALOLENI,25995
3,KILIFI,13,KALOLENI,66,MWANAMWINGA,10785
3,KILIFI,14,RABAI,67,MWAWESA,8793
3,KILIFI,14,RABAI,68,RURUMA,12058
3,KILIFI,14,RABAI,69,KAMBE/RIBE,11119
3,KILIFI,14,RABAI,70,RABAI/KISURUTINI,27195
3,KILIFI,15,GANZE,71,GANZE,16586
3,KILIFI,15,GANZE,72,BAMBA,18599
3,KILIFI,15,GANZE,73,JARIBUNI,12782
3,KILIFI,15,GANZE,74,SOKOKE,19290
3,KILIFI,16,MALINDI,75,JILORE,10464
3,KILIFI,16,MALINDI,76,KAKUYUNI,8750
3,KILIFI,16,MALINDI,77,GANDA,18566
3,KILIFI,16,MALINDI,78,MALINDI TOWN,30570
3,KILIFI,16,MALINDI,79,SHELLA,26255
3,KILIFI,17,MAGARINI,80,MARAFA,9026
3,KILIFI,17,MAGARINI,81,MAGARINI,17099
3,KILIFI,17,MAGARINI,82,GONGONI,17685
3,KILIFI,17,MAGARINI,83,ADU,16263
3,KILIFI,17,MAGARINI,84,GARASHI,10466
3,KILIFI,17,MAGARINI,85,SABAKI,9589
4,TANA RIVER,18,GARSEN,86,KIPINI EAST,7898
4,TANA RIVER,18,GARSEN,87,GARSEN SOUTH,9990
4,TANA RIVER,18,GARSEN,88,KIPINI WEST,9180
4,TANA RIVER,18,GARSEN,89,GARSEN CENTRAL,8256
4,TANA RIVER,18,GARSEN,90,GARSEN WEST,10999
4,TANA RIVER,18,GARSEN,91,GARSEN NORTH,9130
4,TANA RIVER,19,GALOLE,92,KINAKOMBA,8318
4,TANA RIVER,19,GALOLE,93,MIKINDUNI,7570
4,TANA RIVER,19,GALOLE,94,CHEWANI,14333
4,TANA RIVER,19,GALOLE,95,WAYU,9744
4,TANA RIVER,20,BURA,96,CHEWELE,8109
4,TANA RIVER,20,BURA,97,HIRIMANI,10750
4,TANA RIVER,20,BURA,98,BANGALE,10129
4,TANA RIVER,20,BURA,99,SALA,8806
4,TANA RIVER,20,BURA,100,MADOGO,7884
5,LAMU,21,LAMU EAST,101,FAZA,16515
5,LAMU,21,LAMU EAST,102,KIUNGA,4583
5,LAMU,21,LAMU EAST,103,BASUBA,949
5,LAMU,22,LAMU WEST,104,SHELLA,3632
5,LAMU,22,LAMU WEST,105,MKOMANI,12571
5,LAMU,22,LAMU WEST,106,HINDI,8533
5,LAMU,22,LAMU WEST,107,MKUNUMBI,8866
5,LAMU,22,LAMU WEST,108,HONGWE,5071
5,LAMU,22,LAMU WEST,109,WITU,9697
5,LAMU,22,LAMU WEST,110,BAHARI,11036
6,TAITA TAVETA,23,TAVETA,111,CHALA,9682
6,TAITA TAVETA,23,TAVETA,112,MAHOO,6817
6,TAITA TAVETA,23,TAVETA,113,BOMANI,10441
6,TAITA TAVETA,23,TAVETA,114,MBOGHONI,8103
6,TAITA TAVETA,23,TAVETA,115,MATA,5988
6,TAITA TAVETA,24,WUNDANYI,116,WUNDANYI/MBALE,12988
6,TAITA TAVETA,24,WUNDANYI,117,WERUGHA,6085
6,TAITA TAVETA,24,WUNDANYI,118,WUMINGU/KISHUSHE,8007
6,TAITA TAVETA,24,WUNDANYI,119,MWANDA/MGANGE,7928
6,TAITA TAVETA,25,MWATATE,120,RONG'E,7080
6,TAITA TAVETA,25,MWATATE,121,MWATATE,10082
6,TAITA TAVETA,25,MWATATE,122,BURA,9937
6,TAITA TAVETA,25,MWATATE,123,CHAWIA,9208
6,TAITA TAVETA,25,MWATATE,124,WUSI/KISHAMBA,8104
6,TAITA TAVETA,26,VOI,125,MBOLOLO,15880
6,TAITA TAVETA,26,VOI,126,SAGALLA,7067
6,TAITA TAVETA,26,VOI,127,KALOLENI,17547
6,TAITA TAVETA,26,VOI,128,MARUNGU,6681
6,TAITA TAVETA,26,VOI,129,KASIGAU,7829
6,TAITA TAVETA,26,VOI,130,NGOLIA,6373
7,GARISSA,27,GARISSA TOWNSHIP,131,WABERI,11657
7,GARISSA,27,GARISSA TOWNSHIP,132,GALBET,16698
7,GARISSA,27,GARISSA TOWNSHIP,133,TOWNSHIP,13419
7,GARISSA,27,GARISSA TOWNSHIP,134,IFTIN,11479
7,GARISSA,28,BALAMBALA,135,BALAMBALA,4414
7,GARISSA,28,BALAMBALA,136,DANYERE,3924
7,GARISSA,28,BALAMBALA,137,JARA JARA,2729
7,GARISSA,28,BALAMBALA,138,SAKA,5413
7,GARISSA,28,BALAMBALA,139,SANKURI,9605
7,GARISSA,29,LAGDERA,140,MODOGASHE,6388
7,GARISSA,29,LAGDERA,141,BENANE,4463
7,GARISSA,29,LAGDERA,142,GOREALE,2438
7,GARISSA,29,LAGDERA,143,MAALIMIN,5091
7,GARISSA,29,LAGDERA,144,SABENA,3394
7,GARISSA,29,LAGDERA,145,BARAKI,5175
7,GARISSA,30,DADAAB,146,DERTU,3744
7,GARISSA,30,DADAAB,147,DADAAB,5657
7,GARISSA,30,DADAAB,148,LABASIGALE,4331
7,GARISSA,30,DADAAB,149,DAMAJALE,9760
7,GARISSA,30,DADAAB,150,LIBOI,5362
7,GARISSA,30,DADAAB,151,ABAKAILE,9331
7,GARISSA,31,FAFI,152,BURA,5272
7,GARISSA,31,FAFI,153,DEKAHARIA,4740
7,GARISSA,31,FAFI,154,JARAJILA,3123
7,GARISSA,31,FAFI,155,FAFI,7050
7,GARISSA,31,FAFI,156,NANIGHI,7150
7,GARISSA,32,IJARA,157,HULUGHO,6266
7,GARISSA,32,IJARA,158,SANGAILU,4919
7,GARISSA,32,IJARA,159,IJARA,7383
7,GARISSA,32,IJARA,160,MASALANI,11098
8,WAJIR,33,WAJIR NORTH,161,GURAR,3885
8,WAJIR,33,WAJIR NORTH,162,BUTE,3786
8,WAJIR,33,WAJIR NORTH,163,KORONDILE,5317
8,WAJIR,33,WAJIR NORTH,164,MALKAGUFU,4031
8,WAJIR,33,WAJIR NORTH,165,BATALU,6364
8,WAJIR,33,WAJIR NORTH,166,DANABA,7376
8,WAJIR,33,WAJIR NORTH,167,GODOMA,3168
8,WAJIR,34,WAJIR EAST,168,WAGBERI,7353
8,WAJIR,34,WAJIR EAST,169,TOWNSHIP,10065
8,WAJIR,34,WAJIR EAST,170,BARWAGO,10302
8,WAJIR,34,WAJIR EAST,171,KHOROF/HARAR,8074
8,WAJIR,35,TARBAJ,172,ELBEN,3562
8,WAJIR,35,TARBAJ,173,SARMAN,7416
8,WAJIR,35,TARBAJ,174,TARBAJ,9869
8,WAJIR,35,TARBAJ,175,WARGADUD,4420
8,WAJIR,36,WAJIR WEST,176,ARBAJAHAN,8593
8,WAJIR,36,WAJIR WEST,177,HADADO/ATHIBOHOL,7818
8,WAJIR,36,WAJIR WEST,178,ADAMASAJIDE,6541
8,WAJIR,36,WAJIR WEST,179,GANYURE/WAGALLA,8382
8,WAJIR,37,ELDAS,180,ELDAS,4630
8,WAJIR,37,ELDAS,181,DELLA,6188
8,WAJIR,37,ELDAS,182,LAKOLEY SOUTH/BASIR,3443
8,WAJIR,37,ELDAS,183,ELNUR/TULA TULA,9098
8,WAJIR,38,WAJIR SOUTH,184,BENANE,11797
8,WAJIR,38,WAJIR SOUTH,185,BURDER,4863
8,WAJIR,38,WAJIR SOUTH,186,DADAJA BULLA,5389
8,WAJIR,38,WAJIR SOUTH,187,HABASSWEIN,11026
8,WAJIR,38,WAJIR SOUTH,188,LAGBOGHOL SOUTH,7541
8,WAJIR,38,WAJIR SOUTH,189,IBRAHIM URE,6179
8,WAJIR,38,WAJIR SOUTH,190,DIIF,11282
9,MANDERA,39,MANDERA WEST,191,TAKABA SOUTH,6742
9,MANDERA,39,MANDERA WEST,192,TAKABA,5683
9,MANDERA,39,MANDERA WEST,193,LAGSURE,6746
9,MANDERA,39,MANDERA WEST,194,DANDU,9544
9,MANDERA,39,MANDERA WEST,195,GITHER,8922
9,MANDERA,40,BANISSA,196,BANISSA,9898
9,MANDERA,40,BANISSA,197,DERKHALE,7068
9,MANDERA,40,BANISSA,198,GUBA,1539
9,MANDERA,40,BANISSA,199,MALKAMARI,6440
9,MANDERA,40,BANISSA,200,KILIWEHIRI,7758
9,MANDERA,41,MANDERA NORTH,201,ASHABITO,7806
9,MANDERA,41,MANDERA NORTH,202,GUTICHA,10038
9,MANDERA,41,MANDERA NORTH,203,MOROTHILE,2777
9,MANDERA,41,MANDERA NORTH,204,RHAMU,15408
9,MANDERA,41,MANDERA NORTH,205,RHAMU-DIMTU,9187
9,MANDERA,42,MANDERA SOUTH,206,WARGADUD,7341
9,MANDERA,42,MANDERA SOUTH,207,KUTULO,7123
9,MANDERA,42,MANDERA SOUTH,208,ELWAK SOUTH,6095
9,MANDERA,42,MANDERA SOUTH,209,ELWAK NORTH,6279
9,MANDERA,42,MANDERA SOUTH,210,SHIMBIR FATUMA,7853
9,MANDERA,43,MANDERA EAST,211,ARABIA,4187
9,MANDERA,43,MANDERA EAST,212,TOWNSHIP,14790
9,MANDERA,43,MANDERA EAST,213,NEBOI,11840
9,MANDERA,43,MANDERA EAST,214,KHALALIO,11106
9,MANDERA,43,MANDERA EAST,215,LIBEHIA,6296
9,MANDERA,44,LAFEY,216,SALA,2412
9,MANDERA,44,LAFEY,217,FINO,2786
9,MANDERA,44,LAFEY,218,LAFEY,4932
9,MANDERA,44,LAFEY,219,WARANQARA,3956
9,MANDERA,44,LAFEY,220,ALANGO GOF,4478
10,MARSABIT,45,MOYALE,221,BUTIYE,9614
10,MARSABIT,45,MOYALE,222,SOLOLO,8376
10,MARSABIT,45,MOYALE,223,HEILLU/MANYATTA,10431
10,MARSABIT,45,MOYALE,224,GOLBO,15692
10,MARSABIT,45,MOYALE,225,MOYALE TOWNSHIP,10237
10,MARSABIT,45,MOYALE,226,URAN,7932
10,MARSABIT,45,MOYALE,227,OBBU,4120
10,MARSABIT,46,NORTH HORR,228,DUKANA,8075
10,MARSABIT,46,NORTH HORR,229,MAIKONA,9865
10,MARSABIT,46,NORTH HORR,230,TURBI,6677
10,MARSABIT,46,NORTH HORR,231,NORTH HORR,8547
10,MARSABIT,46,NORTH HORR,232,ILLERET,3691
10,MARSABIT,47,SAKU,233,SAGANTE/JALDESA,9027
10,MARSABIT,47,SAKU,234,KARARE,4723
10,MARSABIT,47,SAKU,235,MARSABIT CENTRAL,16459
10,MARSABIT,48,LAISAMIS,236,LOIYANGALANI,7669
10,MARSABIT,48,LAISAMIS,237,KARGI/SOUTH HORR,5327
10,MARSABIT,48,LAISAMIS,238,KORR/NGURUNIT,9392
10,MARSABIT,48,LAISAMIS,239,LOGO LOGO,4133
10,MARSABIT,48,LAISAMIS,240,LAISAMIS,6925
11,ISIOLO,49,ISIOLO NORTH,241,WABERA,15034
11,ISIOLO,49,ISIOLO NORTH,242,BULLA PESA,15125
11,ISIOLO,49,ISIOLO NORTH,243,CHARI,4486
11,ISIOLO,49,ISIOLO NORTH,244,CHERAB,8065
11,ISIOLO,49,ISIOLO NORTH,245,NGARE MARA,5434
11,ISIOLO,49,ISIOLO NORTH,246,BURAT,13195
11,ISIOLO,49,ISIOLO NORTH,247,OLDO/NYIRO,5984
11,ISIOLO,50,ISIOLO SOUTH,248,GARBATULLA,7238
11,ISIOLO,50,ISIOLO SOUTH,249,KINNA,8885
11,ISIOLO,50,ISIOLO SOUTH,250,SERICHO,6058
12,MERU,51,IGEMBE SOUTH,251,MAUA,17213
12,MERU,51,IGEMBE SOUTH,252,KIEGOI/ANTUBOCHIU,16514
12,MERU,51,IGEMBE SOUTH,253,ATHIRU GAITI,14443
12,MERU,51,IGEMBE SOUTH,254,AKACHIU,14371
12,MERU,51,IGEMBE SOUTH,255,KANUNI,14585
12,MERU,52,IGEMBE CENTRAL,256,AKIRANG'ONDU,15637
12,MERU,52,IGEMBE CENTRAL,257,ATHIRU RUUJINE,19920
12,MERU,52,IGEMBE CENTRAL,258,IGEMBE EAST,19964
12,MERU,52,IGEMBE CENTRAL,259,NJIA,21810
12,MERU,52,IGEMBE CENTRAL,260,KANGETA,16103
12,MERU,53,IGEMBE NORTH,261,ANTUAMBUI,17113
12,MERU,53,IGEMBE NORTH,262,NTUNENE,11829
12,MERU,53,IGEMBE NORTH,263,ANTUBETWE KIONGO,15108
12,MERU,53,IGEMBE NORTH,264,NAATHU,13879
12,MERU,53,IGEMBE NORTH,265,AMWATHI,19121
12,MERU,54,TIGANIA WEST,266,ATHWANA,9123
12,MERU,54,TIGANIA WEST,267,AKITHII,16709
12,MERU,54,TIGANIA WEST,268,KIANJAI,21037
12,MERU,54,TIGANIA WEST,269,NKOMO,13030
12,MERU,54,TIGANIA WEST,270,MBEU,10384
12,MERU,55,TIGANIA EAST,271,THANGATHA,21025
12,MERU,55,TIGANIA EAST,272,MIKINDURI,18246
12,MERU,55,TIGANIA EAST,273,KIGUCHWA,11544
12,MERU,55,TIGANIA EAST,274,MUTHARA,19902
12,MERU,55,TIGANIA EAST,275,KARAMA,12810
12,MERU,56,NORTH IMENTI,276,MUNICIPALITY,23655
12,MERU,56,NORTH IMENTI,277,NTIMA EAST,14904
12,MERU,56,NORTH IMENTI,278,NTIMA WEST,19161
12,MERU,56,NORTH IMENTI,279,NYAKI WEST,21192
12,MERU,56,NORTH IMENTI,280,NYAKI EAST,17329
12,MERU,57,BUURI,281,TIMAU,22215
12,MERU,57,BUURI,282,KISIMA,18075
12,MERU,57,BUURI,283,KIIRUA/NAARI,15690
12,MERU,57,BUURI,284,RUIRI/RWARERA,11521
12,MERU,57,BUURI,289,KIBIRICHIA,14840
12,MERU,58,CENTRAL IMENTI,285,MWANGANTHIA,15057
12,MERU,58,CENTRAL IMENTI,286,ABOTHUGUCHI CENTRAL,24397
12,MERU,58,CENTRAL IMENTI,287,ABOTHUGUCHI WEST,24723
12,MERU,58,CENTRAL IMENTI,288,KIAGU,12318
12,MERU,59,SOUTH IMENTI,290,MITUNGUU,14078
12,MERU,59,SOUTH IMENTI,291,IGOJI EAST,18203
12,MERU,59,SOUTH IMENTI,292,IGOJI WEST,12496
12,MERU,59,SOUTH IMENTI,293,ABOGETA EAST,21169
12,MERU,59,SOUTH IMENTI,294,ABOGETA WEST,19074
12,MERU,59,SOUTH IMENTI,295,NKUENE,30622
13,THARAKA - NITHI,60,MAARA,296,MITHERU,10862
13,THARAKA - NITHI,60,MAARA,297,MUTHAMBI,12753
13,THARAKA - NITHI,60,MAARA,298,MWIMBI,15145
13,THARAKA - NITHI,60,MAARA,299,GANGA,12691
13,THARAKA - NITHI,60,MAARA,300,CHOGORIA,21797
13,THARAKA - NITHI,61,CHUKA/IGAMBANG'OMBE,301,MARIANI,10573
13,THARAKA - NITHI,61,CHUKA/IGAMBANG'OMBE,302,KARINGANI,19043
13,THARAKA - NITHI,61,CHUKA/IGAMBANG'OMBE,303,MAGUMONI,22846
13,THARAKA - NITHI,61,CHUKA/IGAMBANG'OMBE,304,MUGWE,15913
13,THARAKA - NITHI,61,CHUKA/IGAMBANG'OMBE,305,IGAMBANG'OMBE,16299
13,THARAKA - NITHI,62,THARAKA,306,GATUNGA,13891
13,THARAKA - NITHI,62,THARAKA,307,MUKOTHIMA,13297
13,THARAKA - NITHI,62,THARAKA,308,NKONDI,9543
13,THARAKA - NITHI,62,THARAKA,309,CHIAKARIGA,18715
13,THARAKA - NITHI,62,THARAKA,310,MARIMANTI,18564
14,EMBU,63,MANYATTA,311,RUGURU/NGANDORI,18449
14,EMBU,63,MANYATTA,312,KITHIMU,11824
14,EMBU,63,MANYATTA,313,NGINDA,18342
14,EMBU,63,MANYATTA,314,MBETI NORTH,17844
14,EMBU,63,MANYATTA,315,KIRIMARI,29617
14,EMBU,63,MANYATTA,316,GATURI SOUTH,10512
14,EMBU,64,RUNYENJES,317,GATURI NORTH,14872
14,EMBU,64,RUNYENJES,318,KAGAARI SOUTH,13564
14,EMBU,64,RUNYENJES,319,CENTRAL WARD,17035
14,EMBU,64,RUNYENJES,320,KAGAARI NORTH,17286
14,EMBU,64,RUNYENJES,321,KYENI NORTH,15314
14,EMBU,64,RUNYENJES,322,KYENI SOUTH,17255
14,EMBU,65,MBEERE SOUTH,323,MWEA,17232
14,EMBU,65,MBEERE SOUTH,324,MAKIMA,11753
14,EMBU,65,MBEERE SOUTH,325,MBETI SOUTH,19083
14,EMBU,65,MBEERE SOUTH,326,MAVURIA,20627
14,EMBU,65,MBEERE SOUTH,327,KIAMBERE,8569
14,EMBU,66,MBEERE NORTH,328,NTHAWA,18882
14,EMBU,66,MBEERE NORTH,329,MUMINJI,9849
14,EMBU,66,MBEERE NORTH,330,EVURORE,26393
15,KITUI,67,MWINGI NORTH,331,NGOMENI,9131
15,KITUI,67,MWINGI NORTH,332,KYUSO,19921
15,KITUI,67,MWINGI NORTH,333,MUMONI,15877
15,KITUI,67,MWINGI NORTH,334,TSEIKURU,16471
15,KITUI,67,MWINGI NORTH,335,THARAKA,7429
15,KITUI,68,MWINGI WEST,336,KYOME/THAANA,14979
15,KITUI,68,MWINGI WEST,337,NGUUTANI,15121
15,KITUI,68,MWINGI WEST,338,MIGWANI,14678
15,KITUI,68,MWINGI WEST,339,KIOMO/KYETHANI,12360
15,KITUI,69,MWINGI CENTRAL,340,CENTRAL,14525
15,KITUI,69,MWINGI CENTRAL,341,KIVOU,12301
15,KITUI,69,MWINGI CENTRAL,342,NGUNI,13165
15,KITUI,69,MWINGI CENTRAL,343,NUU,12729
15,KITUI,69,MWINGI CENTRAL,344,MUI,11039
15,KITUI,69,MWINGI CENTRAL,345,WAITA,10472
15,KITUI,70,KITUI WEST,346,MUTONGUNI,17979
15,KITUI,70,KITUI WEST,347,KAUWI,15767
15,KITUI,70,KITUI WEST,348,MATINYANI,14279
15,KITUI,70,KITUI WEST,349,KWA MUTONGA/KITHUMULA,11022
15,KITUI,71,KITUI RURAL,350,KISASI,13840
15,KITUI,71,KITUI RURAL,351,MBITINI,12048
15,KITUI,71,KITUI RURAL,352,KWAVONZA/YATTA,18020
15,KITUI,71,KITUI RURAL,353,KANYANGI,11092
15,KITUI,72,KITUI CENTRAL,354,MIAMBANI,11759
15,KITUI,72,KITUI CENTRAL,355,TOWNSHIP,19538
15,KITUI,72,KITUI CENTRAL,356,KYANGWITHYA WEST,15931
15,KITUI,72,KITUI CENTRAL,357,MULANGO,15135
15,KITUI,72,KITUI CENTRAL,358,KYANGWITHYA EAST,15401
15,KITUI,73,KITUI EAST,359,ZOMBE/MWITIKA,13152
15,KITUI,73,KITUI EAST,360,NZAMBANI,11723
15,KITUI,73,KITUI EAST,361,CHULUNI,12622
15,KITUI,73,KITUI EAST,362,VOO/KYAMATU,10003
15,KITUI,73,KITUI EAST,363,ENDAU/MALALANI,7897
15,KITUI,73,KITUI EAST,364,MUTITO/KALIKU,9980
15,KITUI,74,KITUI SOUTH,365,IKANGA/KYATUNE,15384
15,KITUI,74,KITUI SOUTH,366,MUTOMO,12637
15,KITUI,74,KITUI SOUTH,367,MUTHA,11039
15,KITUI,74,KITUI SOUTH,368,IKUTHA,12066
15,KITUI,74,KITUI SOUTH,369,KANZIKO,8403
15,KITUI,74,KITUI SOUTH,370,ATHI,15843
16,MACHAKOS,75,MASINGA,371,KIVAA,18277
16,MACHAKOS,75,MASINGA,372,MASINGA CENTRAL,18410
16,MACHAKOS,75,MASINGA,373,EKALAKALA,11265
16,MACHAKOS,75,MASINGA,374,MUTHESYA,8874
16,MACHAKOS,75,MASINGA,375,NDITHINI,12053
16,MACHAKOS,76,YATTA,376,NDALANI,16093
16,MACHAKOS,76,YATTA,377,MATUU,16826
16,MACHAKOS,76,YATTA,378,KITHIMANI,19497
16,MACHAKOS,76,YATTA,379,IKOMBE,18283
16,MACHAKOS,76,YATTA,380,KATANGI,11698
16,MACHAKOS,77,KANGUNDO,381,KANGUNDO NORTH,14938
16,MACHAKOS,77,KANGUNDO,382,KANGUNDO CENTRAL,16502
16,MACHAKOS,77,KANGUNDO,383,KANGUNDO EAST,13340
16,MACHAKOS,77,KANGUNDO,384,KANGUNDO WEST,16016
16,MACHAKOS,78,MATUNGULU,385,TALA,18614
16,MACHAKOS,78,MATUNGULU,386,MATUNGULU NORTH,12504
16,MACHAKOS,78,MATUNGULU,387,MATUNGULU EAST,12826
16,MACHAKOS,78,MATUNGULU,388,MATUNGULU WEST,22817
16,MACHAKOS,78,MATUNGULU,389,KYELENI,9080
16,MACHAKOS,79,KATHIANI,390,MITABONI,16756
16,MACHAKOS,79,KATHIANI,391,KATHIANI CENTRAL,15070
16,MACHAKOS,79,KATHIANI,392,UPPER KAEWA/IVETI,14314
16,MACHAKOS,79,KATHIANI,393,LOWER KAEWA/KAANI,14084
16,MACHAKOS,80,MAVOKO,394,ATHI RIVER,44603
16,MACHAKOS,80,MAVOKO,395,KINANIE,14831
16,MACHAKOS,80,MAVOKO,396,MUTHWANI,24402
16,MACHAKOS,80,MAVOKO,397,SYOKIMAU/MULOLONGO,48327
16,MACHAKOS,81,MACHAKOS TOWN,398,KALAMA,17173
16,MACHAKOS,81,MACHAKOS TOWN,399,MUA,15242
16,MACHAKOS,81,MACHAKOS TOWN,400,MUTITUNI,14486
16,MACHAKOS,81,MACHAKOS TOWN,401,MACHAKOS CENTRAL,28309
16,MACHAKOS,81,MACHAKOS TOWN,402,MUMBUNI NORTH,13778
16,MACHAKOS,81,MACHAKOS TOWN,403,MUVUTI/KIIMA-KIMWE,17404
16,MACHAKOS,81,MACHAKOS TOWN,404,KOLA,10975
16,MACHAKOS,82,MWALA,405,MBIUNI,16671
16,MACHAKOS,82,MWALA,406,MAKUTANO/ MWALA,17815
16,MACHAKOS,82,MWALA,407,MASII,18523
16,MACHAKOS,82,MWALA,408,MUTHETHENI,12571
16,MACHAKOS,82,MWALA,409,WAMUNYU,14342
16,MACHAKOS,82,MWALA,410,KIBAUNI,9976
17,MAKUENI,83,MBOONI,411,TULIMANI,18803
17,MAKUENI,83,MBOONI,412,MBOONI,16441
17,MAKUENI,83,MBOONI,413,KITHUNGO/KITUNDU,13472
17,MAKUENI,83,MBOONI,414,KITETA/KISAU,20020
17,MAKUENI,83,MBOONI,415,WAIA-KAKO,13127
17,MAKUENI,83,MBOONI,416,KALAWA,14166
17,MAKUENI,84,KILOME,417,KASIKEU,23435
17,MAKUENI,84,KILOME,418,MUKAA,14484
17,MAKUENI,84,KILOME,419,KIIMA KIU/KALANZONI,21259
17,MAKUENI,85,KAITI,420,UKIA,22344
17,MAKUENI,85,KAITI,421,KEE,12212
17,MAKUENI,85,KAITI,422,KILUNGU,16858
17,MAKUENI,85,KAITI,423,ILIMA,13774
17,MAKUENI,86,MAKUENI,424,WOTE,19472
17,MAKUENI,86,MAKUENI,425,MUVAU/KIKUUMINI,13583
17,MAKUENI,86,MAKUENI,426,MAVINDINI,11154
17,MAKUENI,86,MAKUENI,427,KITISE/KITHUKI,11691
17,MAKUENI,86,MAKUENI,428,KATHONZWENI,14661
17,MAKUENI,86,MAKUENI,429,NZAUI/KILILI/KALAMBA,18381
17,MAKUENI,86,MAKUENI,430,MBITINI,13770
17,MAKUENI,87,KIBWEZI WEST,431,MAKINDU,22953
17,MAKUENI,87,KIBWEZI WEST,432,NGUUMO,14185
17,MAKUENI,87,KIBWEZI WEST,433,KIKUMBULYU NORTH,9889
17,MAKUENI,87,KIBWEZI WEST,434,KIKUMBULYU SOUTH,14056
17,MAKUENI,87,KIBWEZI WEST,435,NGUU/MASUMBA,13747
17,MAKUENI,87,KIBWEZI WEST,436,EMALI/MULALA,16724
17,MAKUENI,88,KIBWEZI EAST,437,MASONGALENI,14271
17,MAKUENI,88,KIBWEZI EAST,438,MTITO ANDEI,17622
17,MAKUENI,88,KIBWEZI EAST,439,THANGE,17020
17,MAKUENI,88,KIBWEZI EAST,440,IVINGONI/NZAMBANI,15827
18,NYANDARUA,89,KINANGOP,441,ENGINEER,16199
18,NYANDARUA,89,KINANGOP,442,GATHARA,18144
18,NYANDARUA,89,KINANGOP,443,NORTH KINANGOP,11265
18,NYANDARUA,89,KINANGOP,444,MURUNGARU,15669
18,NYANDARUA,89,KINANGOP,445,NJABINI/KIBURU,12793
18,NYANDARUA,89,KINANGOP,446,NYAKIO,15177
18,NYANDARUA,89,KINANGOP,447,GITHABAI,11473
18,NYANDARUA,89,KINANGOP,448,MAGUMU,14827
18,NYANDARUA,90,KIPIPIRI,449,WANJOHI,17474
18,NYANDARUA,90,KIPIPIRI,450,KIPIPIRI,14364
18,NYANDARUA,90,KIPIPIRI,451,GETA,11098
18,NYANDARUA,90,KIPIPIRI,452,GITHIORO,11692
18,NYANDARUA,91,OL KALOU,453,KARAU,13594
18,NYANDARUA,91,OL KALOU,454,KANJUIRI RANGE,15596
18,NYANDARUA,91,OL KALOU,455,MIRANGINE,14695
18,NYANDARUA,91,OL KALOU,456,KAIMBAGA,13540
18,NYANDARUA,91,OL KALOU,457,RURII,15572
18,NYANDARUA,92,OL JOROK,458,GATHANJI,12792
18,NYANDARUA,92,OL JOROK,459,GATIMU,14875
18,NYANDARUA,92,OL JOROK,460,WERU,18548
18,NYANDARUA,92,OL JOROK,461,CHARAGITA,13932
18,NYANDARUA,93,NDARAGWA,462,LESHAU/PONDO,13842
18,NYANDARUA,93,NDARAGWA,463,KIRIITA,12977
18,NYANDARUA,93,NDARAGWA,464,CENTRAL,18113
18,NYANDARUA,93,NDARAGWA,465,SHAMATA,12914
19,NYERI,94,TETU,466,DEDAN KIMANTHI,14401
19,NYERI,94,TETU,467,WAMAGANA,22275
19,NYERI,94,TETU,468,AGUTHI-GAAKI,18310
19,NYERI,95,KIENI,469,MWEIGA,12064
19,NYERI,95,KIENI,470,NAROMORU KIAMATHAGA,17731
19,NYERI,95,KIENI,471,MWIYOGO/ENDARASHA,12691
19,NYERI,95,KIENI,472,MUGUNDA,16080
19,NYERI,95,KIENI,473,GATARAKWA,12086
19,NYERI,95,KIENI,474,THEGU RIVER,16778
19,NYERI,95,KIENI,475,KABARU,13280
19,NYERI,95,KIENI,476,GAKAWA,13863
19,NYERI,96,MATHIRA,477,RUGURU,14670
19,NYERI,96,MATHIRA,478,MAGUTU,13383
19,NYERI,96,MATHIRA,479,IRIAINI,18020
19,NYERI,96,MATHIRA,480,KONYU,13428
19,NYERI,96,MATHIRA,481,KIRIMUKUYU,18171
19,NYERI,96,MATHIRA,482,KARATINA TOWN,26820
19,NYERI,97,OTHAYA,483,MAHIGA,15138
19,NYERI,97,OTHAYA,484,IRIA-INI,19309
19,NYERI,97,OTHAYA,485,CHINGA,15143
19,NYERI,97,OTHAYA,486,KARIMA,12289
19,NYERI,98,MUKURWEINI,487,GIKONDI,12644
19,NYERI,98,MUKURWEINI,488,RUGI,13959
19,NYERI,98,MUKURWEINI,489,MUKURWE-INI WEST,12801
19,NYERI,98,MUKURWEINI,490,MUKURWE-INI CENTRAL,19130
19,NYERI,99,NYERI TOWN,491,KIGANJO/MATHARI,15985
19,NYERI,99,NYERI TOWN,492,RWARE,29246
19,NYERI,99,NYERI TOWN,493,GATITU/MURUGURU,11363
19,NYERI,99,NYERI TOWN,494,RURING'U,13780
19,NYERI,99,NYERI TOWN,495,KAMAKWA/MUKARO,16794
20,KIRINYAGA,100,MWEA,496,MUTITHI,19226
20,KIRINYAGA,100,MWEA,497,KANGAI,12568
20,KIRINYAGA,100,MWEA,498,THIBA,15157
20,KIRINYAGA,100,MWEA,499,WAMUMU,12249
20,KIRINYAGA,100,MWEA,500,NYANGATI,17095
20,KIRINYAGA,100,MWEA,501,MURINDUKO,18935
20,KIRINYAGA,100,MWEA,502,GATHIGIRIRI,11993
20,KIRINYAGA,100,MWEA,503,TEBERE,24491
20,KIRINYAGA,101,GICHUGU,504,KABARE,27559
20,KIRINYAGA,101,GICHUGU,505,BARAGWI,16311
20,KIRINYAGA,101,GICHUGU,506,NJUKIINI,16338
20,KIRINYAGA,101,GICHUGU,507,NGARIAMA,13976
20,KIRINYAGA,101,GICHUGU,508,KARUMANDI,18311
20,KIRINYAGA,102,NDIA,509,MUKURE,22087
20,KIRINYAGA,102,NDIA,510,KIINE,27843
20,KIRINYAGA,102,NDIA,511,KARITI,19813
20,KIRINYAGA,103,KIRINYAGA CENTRAL,512,MUTIRA,18169
20,KIRINYAGA,103,KIRINYAGA CENTRAL,513,KANYEKINI,21863
20,KIRINYAGA,103,KIRINYAGA CENTRAL,514,KERUGOYA,24745
20,KIRINYAGA,103,KIRINYAGA CENTRAL,515,INOI,17272
21,MURANG'A,104,KANGEMA,516,KANYENYA-INI,15567
21,MURANG'A,104,KANGEMA,517,MUGURU,23583
21,MURANG'A,104,KANGEMA,518,RWATHIA,12852
21,MURANG'A,105,MATHIOYA,519,GITUGI,20421
21,MURANG'A,105,MATHIOYA,520,KIRU,22212
21,MURANG'A,105,MATHIOYA,521,KAMACHARIA,15469
21,MURANG'A,106,KIHARU,522,WANGU,17355
21,MURANG'A,106,KIHARU,523,MUGOIRI,19001
21,MURANG'A,106,KIHARU,524,MBIRI,20473
21,MURANG'A,106,KIHARU,525,TOWNSHIP,24462
21,MURANG'A,106,KIHARU,526,MURARANDIA,17998
21,MURANG'A,106,KIHARU,527,GATURI,20100
21,MURANG'A,107,KIGUMO,528,KAHUMBU,11652
21,MURANG'A,107,KIGUMO,529,MUTHITHI,14559
21,MURANG'A,107,KIGUMO,530,KIGUMO,15527
21,MURANG'A,107,KIGUMO,531,KANGARI,22170
21,MURANG'A,107,KIGUMO,532,KINYONA,18701
21,MURANG'A,108,MARAGWA,533,KIMORORI/WEMPA,26433
21,MURANG'A,108,MARAGWA,534,MAKUYU,16588
21,MURANG'A,108,MARAGWA,535,KAMBITI,13186
21,MURANG'A,108,MARAGWA,536,KAMAHUHA,16236
21,MURANG'A,108,MARAGWA,537,ICHAGAKI,13524
21,MURANG'A,108,MARAGWA,538,NGINDA,16416
21,MURANG'A,109,KANDARA,539,NG'ARARIA,13776
21,MURANG'A,109,KANDARA,540,MURUKA,16240
21,MURANG'A,109,KANDARA,541,KAGUNDU-INI,19129
21,MURANG'A,109,KANDARA,542,GAICHANJIRU,16280
21,MURANG'A,109,KANDARA,543,ITHIRU,18335
21,MURANG'A,109,KANDARA,544,RUCHU,21388
21,MURANG'A,110,GATANGA,545,ITHANGA,11310
21,MURANG'A,110,GATANGA,546,KAKUZI/MITUBIRI,15291
21,MURANG'A,110,GATANGA,547,MUGUMO-INI,14252
21,MURANG'A,110,GATANGA,548,KIHUMBU-INI,17142
21,MURANG'A,110,GATANGA,549,GATANGA,16842
21,MURANG'A,110,GATANGA,550,KARIARA,26459
22,KIAMBU,111,GATUNDU SOUTH,551,KIAMWANGI,13808
22,KIAMBU,111,GATUNDU SOUTH,552,KIGANJO,19067
22,KIAMBU,111,GATUNDU SOUTH,553,NDARUGU,14486
22,KIAMBU,111,GATUNDU SOUTH,554,NGENDA,32499
22,KIAMBU,112,GATUNDU NORTH,555,GITUAMBA,19246
22,KIAMBU,112,GATUNDU NORTH,556,GITHOBOKONI,15208
22,KIAMBU,112,GATUNDU NORTH,557,CHANIA,18324
22,KIAMBU,112,GATUNDU NORTH,558,MANG'U,19032
22,KIAMBU,113,JUJA,559,MURERA,18075
22,KIAMBU,113,JUJA,560,THETA,31397
22,KIAMBU,113,JUJA,561,JUJA,36666
22,KIAMBU,113,JUJA,562,WITEITHIE,25933
22,KIAMBU,113,JUJA,563,KALIMONI,22567
22,KIAMBU,114,THIKA TOWN,564,TOWNSHIP,44623
22,KIAMBU,114,THIKA TOWN,565,KAMENU,55315
22,KIAMBU,114,THIKA TOWN,566,HOSPITAL,33423
22,KIAMBU,114,THIKA TOWN,567,GATUANYAGA,12555
22,KIAMBU,114,THIKA TOWN,568,NGOLIBA,10102
22,KIAMBU,115,RUIRU,569,GITOTHUA,16154
22,KIAMBU,115,RUIRU,570,BIASHARA,38706
22,KIAMBU,115,RUIRU,571,GATONGORA,15760
22,KIAMBU,115,RUIRU,572,KAHAWA SUKARI,11697
22,KIAMBU,115,RUIRU,573,KAHAWA WENDANI,17183
22,KIAMBU,115,RUIRU,574,KIUU,25920
22,KIAMBU,115,RUIRU,575,MWIKI,32582
22,KIAMBU,115,RUIRU,576,MWIHOKO,14086
22,KIAMBU,116,GITHUNGURI,577,GITHUNGURI,27596
22,KIAMBU,116,GITHUNGURI,578,GITHIGA,20616
22,KIAMBU,116,GITHUNGURI,579,IKINU,17450
22,KIAMBU,116,GITHUNGURI,580,NGEWA,18876
22,KIAMBU,116,GITHUNGURI,581,KOMOTHAI,20054
22,KIAMBU,117,KIAMBU,582,TING'ANG'A,14457
22,KIAMBU,117,KIAMBU,583,NDUMBERI,22095
22,KIAMBU,117,KIAMBU,584,RIABAI,15896
22,KIAMBU,117,KIAMBU,585,TOWNSHIP,34538
22,KIAMBU,118,KIAMBAA,586,CIANDA,12842
22,KIAMBU,118,KIAMBAA,587,KARURI,23677
22,KIAMBU,118,KIAMBAA,588,NDENDERU,28523
22,KIAMBU,118,KIAMBAA,589,MUCHATHA,19412
22,KIAMBU,118,KIAMBAA,590,KIHARA,19814
22,KIAMBU,119,KABETE,591,GITARU,18481
22,KIAMBU,119,KABETE,592,MUGUGA,19681
22,KIAMBU,119,KABETE,593,NYADHUNA,21701
22,KIAMBU,119,KABETE,594,KABETE,20571
22,KIAMBU,119,KABETE,595,UTHIRU,11341
22,KIAMBU,120,KIKUYU,596,KARAI,15710
22,KIAMBU,120,KIKUYU,597,NACHU,14044
22,KIAMBU,120,KIKUYU,598,SIGONA,19571
22,KIAMBU,120,KIKUYU,599,KIKUYU,30130
22,KIAMBU,120,KIKUYU,600,KINOO,19303
22,KIAMBU,121,LIMURU,601,BIBIRIONI,14044
22,KIAMBU,121,LIMURU,602,LIMURU CENTRAL,26587
22,KIAMBU,121,LIMURU,603,NDEIYA,17035
22,KIAMBU,121,LIMURU,604,LIMURU EAST,17375
22,KIAMBU,121,LIMURU,605,NGECHA TIGONI,17978
22,KIAMBU,122,LARI,606,KINALE,16503
22,KIAMBU,122,LARI,607,KIJABE,19124
22,KIAMBU,122,LARI,608,NYANDUMA,14572
22,KIAMBU,122,LARI,609,KAMBURU,12018
22,KIAMBU,122,LARI,610,LARI/KIRENGA,18979
23,TURKANA,123,TURKANA NORTH,611,KAERIS,6586
23,TURKANA,123,TURKANA NORTH,612,LAKE ZONE,10896
23,TURKANA,123,TURKANA NORTH,613,LAPUR,7188
23,TURKANA,123,TURKANA NORTH,614,KAALENG/KAIKOR,8148
23,TURKANA,123,TURKANA NORTH,615,KIBISH,3684
23,TURKANA,123,TURKANA NORTH,616,NAKALALE,6435
23,TURKANA,124,TURKANA WEST,617,KAKUMA,12153
23,TURKANA,124,TURKANA WEST,618,LOPUR,5697
23,TURKANA,124,TURKANA WEST,619,LETEA,5348
23,TURKANA,124,TURKANA WEST,620,SONGOT,4733
23,TURKANA,124,TURKANA WEST,621,KALOBEYEI,5099
23,TURKANA,124,TURKANA WEST,622,LOKICHOGGIO,5490
23,TURKANA,124,TURKANA WEST,623,NANAAM,4153
23,TURKANA,125,TURKANA CENTRAL,624,KERIO DELTA,10672
23,TURKANA,125,TURKANA CENTRAL,625,KANG'ATOTHA,7625
23,TURKANA,125,TURKANA CENTRAL,626,KALOKOL,9179
23,TURKANA,125,TURKANA CENTRAL,627,LODWAR TOWNSHIP,17273
23,TURKANA,125,TURKANA CENTRAL,628,KANAMKEMER,11222
23,TURKANA,126,LOIMA,629,KOTARUK/LOBEI,8174
23,TURKANA,126,LOIMA,630,TURKWEL,19528
23,TURKANA,126,LOIMA,631,LOIMA,3978
23,TURKANA,126,LOIMA,632,LOKIRIAMA/LORENGIPPI,4835
23,TURKANA,127,TURKANA SOUTH,633,KAPUTIR,4123
23,TURKANA,127,TURKANA SOUTH,634,KATILU,13254
23,TURKANA,127,TURKANA SOUTH,635,LOBOKAT,4259
23,TURKANA,127,TURKANA SOUTH,636,KALAPATA,4329
23,TURKANA,127,TURKANA SOUTH,637,LOKICHAR,14467
23,TURKANA,128,TURKANA EAST,638,KAPEDO/NAPEITOM,3721
23,TURKANA,128,TURKANA EAST,639,KATILIA,6357
23,TURKANA,128,TURKANA EAST,640,LOKORI/KOCHODIN,9922
24,WEST POKOT,129,KAPENGURIA,641,RIWO,13552
24,WEST POKOT,129,KAPENGURIA,642,KAPENGURIA,12074
24,WEST POKOT,129,KAPENGURIA,643,MNAGEI,18201
24,WEST POKOT,129,KAPENGURIA,644,SIYOI,8279
24,WEST POKOT,129,KAPENGURIA,645,ENDUGH,8360
24,WEST POKOT,129,KAPENGURIA,646,SOOK,6074
24,WEST POKOT,130,SIGOR,647,SEKERR,9432
24,WEST POKOT,130,SIGOR,648,MASOOL,8187
24,WEST POKOT,130,SIGOR,649,LOMUT,12395
24,WEST POKOT,130,SIGOR,650,WEIWEI,13920
24,WEST POKOT,131,KACHELIBA,651,SUAM,8262
24,WEST POKOT,131,KACHELIBA,652,KODICH,8354
24,WEST POKOT,131,KACHELIBA,653,KASEI,7384
24,WEST POKOT,131,KACHELIBA,654,KAPCHOK,7416
24,WEST POKOT,131,KACHELIBA,655,KIWAWA,8658
24,WEST POKOT,131,KACHELIBA,656,ALALE,11072
24,WEST POKOT,132,POKOT SOUTH,657,CHEPARERIA,18494
24,WEST POKOT,132,POKOT SOUTH,658,BATEI,13075
24,WEST POKOT,132,POKOT SOUTH,659,LELAN,15095
24,WEST POKOT,132,POKOT SOUTH,660,TAPACH,11742
25,SAMBURU,133,SAMBURU WEST,661,LODOKEJEK,7458
25,SAMBURU,133,SAMBURU WEST,662,SUGUTA MARMAR,7199
25,SAMBURU,133,SAMBURU WEST,663,MARALAL,17580
25,SAMBURU,133,SAMBURU WEST,664,LOOSUK,5280
25,SAMBURU,133,SAMBURU WEST,665,PORO,5873
25,SAMBURU,134,SAMBURU NORTH,666,EL-BARTA,5678
25,SAMBURU,134,SAMBURU NORTH,667,NACHOLA,3194
25,SAMBURU,134,SAMBURU NORTH,668,NDOTO,6088
25,SAMBURU,134,SAMBURU NORTH,669,NYIRO,5779
25,SAMBURU,134,SAMBURU NORTH,670,ANGATA NANYOKIE,4204
25,SAMBURU,134,SAMBURU NORTH,671,BAAWA,4887
25,SAMBURU,135,SAMBURU EAST,672,WASO,6707
25,SAMBURU,135,SAMBURU EAST,673,WAMBA WEST,6816
25,SAMBURU,135,SAMBURU EAST,674,WAMBA EAST,8017
25,SAMBURU,135,SAMBURU EAST,675,WAMBA NORTH,5254
26,TRANS NZOIA,136,KWANZA,676,KAPOMBOI,21873
26,TRANS NZOIA,136,KWANZA,677,KWANZA,21487
26,TRANS NZOIA,136,KWANZA,678,KEIYO,14969
26,TRANS NZOIA,136,KWANZA,679,BIDII,17510
26,TRANS NZOIA,137,ENDEBESS,680,CHEPCHOINA,19068
26,TRANS NZOIA,137,ENDEBESS,681,ENDEBESS,15467
26,TRANS NZOIA,137,ENDEBESS,682,MATUMBEI,16153
26,TRANS NZOIA,138,SABOTI,683,KINYORO,17994
26,TRANS NZOIA,138,SABOTI,684,MATISI,26038
26,TRANS NZOIA,138,SABOTI,685,TUWANI,20232
26,TRANS NZOIA,138,SABOTI,686,SABOTI,14202
26,TRANS NZOIA,138,SABOTI,687,MACHEWA,8918
26,TRANS NZOIA,139,KIMININI,688,KIMININI,17302
26,TRANS NZOIA,139,KIMININI,689,WAITALUK,18759
26,TRANS NZOIA,139,KIMININI,690,SIRENDE,12311
26,TRANS NZOIA,139,KIMININI,691,HOSPITAL,14565
26,TRANS NZOIA,139,KIMININI,692,SIKHENDU,11573
26,TRANS NZOIA,139,KIMININI,693,NABISWA,18730
26,TRANS NZOIA,140,CHERANGANY,694,SINYERERE,11603
26,TRANS NZOIA,140,CHERANGANY,695,MAKUTANO,9318
26,TRANS NZOIA,140,CHERANGANY,696,KAPLAMAI,13319
26,TRANS NZOIA,140,CHERANGANY,697,MOTOSIET,15528
26,TRANS NZOIA,140,CHERANGANY,698,CHERANGANY/SUWERWA,16734
26,TRANS NZOIA,140,CHERANGANY,699,CHEPSIRO/KIPTOROR,11725
26,TRANS NZOIA,140,CHERANGANY,700,SITATUNGA,13603
27,UASIN GISHU,141,SOY,701,MOI'S BRIDGE,12754
27,UASIN GISHU,141,SOY,702,KAPKURES,9020
27,UASIN GISHU,141,SOY,703,ZIWA,17523
27,UASIN GISHU,141,SOY,704,SEGERO/BARSOMBE,13972
27,UASIN GISHU,141,SOY,705,KIPSOMBA,9928
27,UASIN GISHU,141,SOY,706,SOY,11500
27,UASIN GISHU,141,SOY,707,KUINET/KAPSUSWA,18005
27,UASIN GISHU,142,TURBO,708,NGENYILEL,13131
27,UASIN GISHU,142,TURBO,709,TAPSAGOI,16483
27,UASIN GISHU,142,TURBO,710,KAMAGUT,16462
27,UASIN GISHU,142,TURBO,711,KIPLOMBE,26347
27,UASIN GISHU,142,TURBO,712,KAPSAOS,16119
27,UASIN GISHU,142,TURBO,713,HURUMA,31660
27,UASIN GISHU,143,MOIBEN,714,TEMBELIO,15237
27,UASIN GISHU,143,MOIBEN,715,SERGOIT,10267
27,UASIN GISHU,143,MOIBEN,716,KARUNA/MEIBEKI,12979
27,UASIN GISHU,143,MOIBEN,717,MOIBEN,14350
27,UASIN GISHU,143,MOIBEN,718,KIMUMU,25044
27,UASIN GISHU,144,AINABKOI,719,KAPSOYA,23578
27,UASIN GISHU,144,AINABKOI,720,KAPTAGAT,19923
27,UASIN GISHU,144,AINABKOI,721,AINABKOI/OLARE,19105
27,UASIN GISHU,145,KAPSERET,722,SIMAT/KAPSERET,15275
27,UASIN GISHU,145,KAPSERET,723,KIPKENYO,15509
27,UASIN GISHU,145,KAPSERET,724,NGERIA,11103
27,UASIN GISHU,145,KAPSERET,725,MEGUN,8159
27,UASIN GISHU,145,KAPSERET,726,LANGAS,24763
27,UASIN GISHU,146,KESSES,727,RACECOURSE,20872
27,UASIN GISHU,146,KESSES,728,CHEPTIRET/KIPCHAMO,16723
27,UASIN GISHU,146,KESSES,729,TULWET/CHUIYAT,20134
27,UASIN GISHU,146,KESSES,730,TARAKWA,20213
28,ELGEYO/MARAKWET,147,MARAKWET EAST,731,KAPYEGO,8415
28,ELGEYO/MARAKWET,147,MARAKWET EAST,732,SAMBIRIR,13394
28,ELGEYO/MARAKWET,147,MARAKWET EAST,733,ENDO,14238
28,ELGEYO/MARAKWET,147,MARAKWET EAST,734,EMBOBUT/EMBULOT,7625
28,ELGEYO/MARAKWET,148,MARAKWET WEST,735,LELAN,10081
28,ELGEYO/MARAKWET,148,MARAKWET WEST,736,SENGWER,9603
28,ELGEYO/MARAKWET,148,MARAKWET WEST,737,CHERANG'ANY/CHEBORORWA,9679
28,ELGEYO/MARAKWET,148,MARAKWET WEST,738,MOIBEN/KUSERWO,10775
28,ELGEYO/MARAKWET,148,MARAKWET WEST,739,KAPSOWAR,13187
28,ELGEYO/MARAKWET,148,MARAKWET WEST,740,ARROR,5243
28,ELGEYO/MARAKWET,149,KEIYO NORTH,741,EMSOO,6461
28,ELGEYO/MARAKWET,149,KEIYO NORTH,742,KAMARINY,17416
28,ELGEYO/MARAKWET,149,KEIYO NORTH,743,KAPCHEMUTWA,15672
28,ELGEYO/MARAKWET,149,KEIYO NORTH,744,TAMBACH,9698
28,ELGEYO/MARAKWET,150,KEIYO SOUTH,745,KAPTARAKWA,10426
28,ELGEYO/MARAKWET,150,KEIYO SOUTH,746,CHEPKORIO,14294
28,ELGEYO/MARAKWET,150,KEIYO SOUTH,747,SOY NORTH,9194
28,ELGEYO/MARAKWET,150,KEIYO SOUTH,748,SOY SOUTH,10367
28,ELGEYO/MARAKWET,150,KEIYO SOUTH,749,KABIEMIT,10136
28,ELGEYO/MARAKWET,150,KEIYO SOUTH,750,METKEI,7980
29,NANDI,151,TINDERET,751,SONGHOR/SOBA,19275
29,NANDI,151,TINDERET,752,TINDIRET,14259
29,NANDI,151,TINDERET,753,CHEMELIL/CHEMASE,8377
29,NANDI,151,TINDERET,754,KAPSIMOTWO,9535
29,NANDI,152,ALDAI,755,KABWARENG,11616
29,NANDI,152,ALDAI,756,TERIK,8867
29,NANDI,152,ALDAI,757,KEMELOI-MARABA,16371
29,NANDI,152,ALDAI,758,KOBUJOI,14495
29,NANDI,152,ALDAI,759,KAPTUMO-KABOI,14355
29,NANDI,152,ALDAI,760,KOYO-NDURIO,12301
29,NANDI,153,NANDI HILLS,761,NANDI HILLS,18328
29,NANDI,153,NANDI HILLS,762,CHEPKUNYUK,19848
29,NANDI,153,NANDI HILLS,763,OL'LESSOS,11254
29,NANDI,153,NANDI HILLS,764,KAPCHORUA,8480
29,NANDI,154,CHESUMEI,765,CHEMUNDU/KAPNG'ETUNY,14254
29,NANDI,154,CHESUMEI,766,KOSIRAI,15667
29,NANDI,154,CHESUMEI,767,LELMOKWO/NGECHEK,14831
29,NANDI,154,CHESUMEI,768,KAPTEL/KAMOIYWO,18935
29,NANDI,154,CHESUMEI,769,KIPTUYA,10514
29,NANDI,155,EMGWEN,770,CHEPKUMIA,9736
29,NANDI,155,EMGWEN,771,KAPKANGANI,9571
29,NANDI,155,EMGWEN,772,KAPSABET,19374
29,NANDI,155,EMGWEN,773,KILIBWONI,28259
29,NANDI,156,MOSOP,774,CHEPTERWAI,9837
29,NANDI,156,MOSOP,775,KIPKAREN,11748
29,NANDI,156,MOSOP,776,KURGUNG/SURUNGAI,10626
29,NANDI,156,MOSOP,777,KABIYET,12249
29,NANDI,156,MOSOP,778,NDALAT,11127
29,NANDI,156,MOSOP,779,KABISAGA,11750
29,NANDI,156,MOSOP,780,SANGALO/KEBULONIK,10449
30,BARINGO,157,TIATY,781,TIRIOKO,5764
30,BARINGO,157,TIATY,782,KOLOWA,6769
30,BARINGO,157,TIATY,783,RIBKWO,5583
30,BARINGO,157,TIATY,784,SILALE,3744
30,BARINGO,157,TIATY,785,LOIYAMOROCK,4137
30,BARINGO,157,TIATY,786,TANGULBEI/KOROSSI,6818
30,BARINGO,157,TIATY,787,CHURO/AMAYA,6244
30,BARINGO,158,BARINGO NORTH,788,BARWESSA,12693
30,BARINGO,158,BARINGO NORTH,789,KABARTONJO,11270
30,BARINGO,158,BARINGO NORTH,790,SAIMO/KIPSARAMAN,11657
30,BARINGO,158,BARINGO NORTH,791,SAIMO/SOI,8284
30,BARINGO,158,BARINGO NORTH,792,BARTABWA,6383
30,BARINGO,159,BARINGO CENTRAL,793,KABARNET,15204
30,BARINGO,159,BARINGO CENTRAL,794,SACHO,6205
30,BARINGO,159,BARINGO CENTRAL,795,TENGES,6020
30,BARINGO,159,BARINGO CENTRAL,796,EWALEL/CHAPCHAP,9551
30,BARINGO,159,BARINGO CENTRAL,797,KAPROPITA,8940
30,BARINGO,160,BARINGO SOUTH,798,MARIGAT,15859
30,BARINGO,160,BARINGO SOUTH,799,ILCHAMUS,8722
30,BARINGO,160,BARINGO SOUTH,800,MOCHONGOI,12938
30,BARINGO,160,BARINGO SOUTH,801,MUKUTANI,5272
30,BARINGO,161,MOGOTIO,802,MOGOTIO,17642
30,BARINGO,161,MOGOTIO,803,EMINING,10844
30,BARINGO,161,MOGOTIO,804,KISANANA,10436
30,BARINGO,162,ELDAMA RAVINE,805,LEMBUS,12471
30,BARINGO,162,ELDAMA RAVINE,806,LEMBUS KWEN,10757
30,BARINGO,162,ELDAMA RAVINE,807,RAVINE,11047
30,BARINGO,162,ELDAMA RAVINE,808,MUMBERES/MAJI MAZURI,11165
30,BARINGO,162,ELDAMA RAVINE,809,LEMBUS/PERKERRA,10871
30,BARINGO,162,ELDAMA RAVINE,810,KOIBATEK,7763
31,LAIKIPIA,163,LAIKIPIA WEST,811,OL-MORAN,10012
31,LAIKIPIA,163,LAIKIPIA WEST,812,RUMURUTI TOWNSHIP,13241
31,LAIKIPIA,163,LAIKIPIA WEST,813,GITHIGA,16143
31,LAIKIPIA,163,LAIKIPIA WEST,814,MARMANET,26627
31,LAIKIPIA,163,LAIKIPIA WEST,815,IGWAMITI,43194
31,LAIKIPIA,163,LAIKIPIA WEST,816,SALAMA,9648
31,LAIKIPIA,164,LAIKIPIA EAST,817,NGOBIT,17999
31,LAIKIPIA,164,LAIKIPIA EAST,818,TIGITHI,18269
31,LAIKIPIA,164,LAIKIPIA EAST,819,THINGITHU,18893
31,LAIKIPIA,164,LAIKIPIA EAST,820,NANYUKI,29014
31,LAIKIPIA,164,LAIKIPIA EAST,821,UMANDE,12220
31,LAIKIPIA,165,LAIKIPIA NORTH,822,SOSIAN,18167
31,LAIKIPIA,165,LAIKIPIA NORTH,823,SEGERA,11570
31,LAIKIPIA,165,LAIKIPIA NORTH,824,MUGOGODO WEST,6436
31,LAIKIPIA,165,LAIKIPIA NORTH,825,MUGOGODO EAST,11579
32,NAKURU,166,MOLO,826,MARIASHONI,9669
32,NAKURU,166,MOLO,827,ELBURGON,24416
32,NAKURU,166,MOLO,828,TURI,15172
32,NAKURU,166,MOLO,829,MOLO,27770
32,NAKURU,167,NJORO,830,MAU NAROK,22346
32,NAKURU,167,NJORO,831,MAUCHE,17605
32,NAKURU,167,NJORO,832,KIHINGO,10237
32,NAKURU,167,NJORO,833,NESSUIT,9692
32,NAKURU,167,NJORO,834,LARE,15498
32,NAKURU,167,NJORO,835,NJORO,37896
32,NAKURU,168,NAIVASHA,836,BIASHARA,11915
32,NAKURU,168,NAIVASHA,837,HELLS GATE,27303
32,NAKURU,168,NAIVASHA,838,LAKE VIEW,21194
32,NAKURU,168,NAIVASHA,839,MAI MAHIU,21934
32,NAKURU,168,NAIVASHA,840,MAIELLA,15666
32,NAKURU,168,NAIVASHA,841,OLKARIA,14768
32,NAKURU,168,NAIVASHA,842,NAIVASHA EAST,15448
32,NAKURU,168,NAIVASHA,843,VIWANDANI,28900
32,NAKURU,169,GILGIL,844,GILGIL,29198
32,NAKURU,169,GILGIL,845,ELEMENTAITA,15370
32,NAKURU,169,GILGIL,846,MBARUK/EBURU,21710
32,NAKURU,169,GILGIL,847,MALEWA WEST,15009
32,NAKURU,169,GILGIL,848,MURINDATI,14367
32,NAKURU,170,KURESOI SOUTH,849,AMALO,13110
32,NAKURU,170,KURESOI SOUTH,850,KERINGET,20736
32,NAKURU,170,KURESOI SOUTH,851,KIPTAGICH,15226
32,NAKURU,170,KURESOI SOUTH,852,TINET,17096
32,NAKURU,171,KURESOI NORTH,853,KIPTORORO,17603
32,NAKURU,171,KURESOI NORTH,854,NYOTA,23206
32,NAKURU,171,KURESOI NORTH,855,SIRIKWA,12828
32,NAKURU,171,KURESOI NORTH,856,KAMARA,17026
32,NAKURU,172,SUBUKIA,857,SUBUKIA,19402
32,NAKURU,172,SUBUKIA,858,WASEGES,15666
32,NAKURU,172,SUBUKIA,859,KABAZI,20531
32,NAKURU,173,RONGAI,860,MENENGAI WEST,19389
32,NAKURU,173,RONGAI,861,SOIN,14523
32,NAKURU,173,RONGAI,862,VISOI,20555
32,NAKURU,173,RONGAI,863,MOSOP,19670
32,NAKURU,173,RONGAI,864,SOLAI,10488
32,NAKURU,174,BAHATI,865,DUNDORI,15238
32,NAKURU,174,BAHATI,866,KABATINI,13154
32,NAKURU,174,BAHATI,867,KIAMAINA,28983
32,NAKURU,174,BAHATI,868,LANET/UMOJA,19251
32,NAKURU,174,BAHATI,869,BAHATI,20414
32,NAKURU,175,NAKURU TOWN WEST,870,BARUT,6699
32,NAKURU,175,NAKURU TOWN WEST,871,LONDON,22421
32,NAKURU,175,NAKURU TOWN WEST,872,KAPTEMBWO,37748
32,NAKURU,175,NAKURU TOWN WEST,873,KAPKURES,10590
32,NAKURU,175,NAKURU TOWN WEST,874,RHODA,14108
32,NAKURU,175,NAKURU TOWN WEST,875,SHAABAB,20561
32,NAKURU,176,NAKURU TOWN EAST,876,BIASHARA,33057
32,NAKURU,176,NAKURU TOWN EAST,877,KIVUMBINI,14199
32,NAKURU,176,NAKURU TOWN EAST,878,FLAMINGO,21919
32,NAKURU,176,NAKURU TOWN EAST,879,MENENGAI,23804
32,NAKURU,176,NAKURU TOWN EAST,880,NAKURU EAST,32572
33,NAROK,177,KILGORIS,881,KILGORIS CENTRAL,18433
33,NAROK,177,KILGORIS,882,KEYIAN,10241
33,NAROK,177,KILGORIS,883,ANGATA BARIKOI,10634
33,NAROK,177,KILGORIS,884,SHANKOE,12740
33,NAROK,177,KILGORIS,885,KIMINTET,10401
33,NAROK,177,KILGORIS,886,LOLGORIAN,14434
33,NAROK,178,EMURUA DIKIRR,887,ILKERIN,13509
33,NAROK,178,EMURUA DIKIRR,888,OLOITIMASANI,12560
33,NAROK,178,EMURUA DIKIRR,889,MOGONDO,8019
33,NAROK,178,EMURUA DIKIRR,890,KAPSASIAN,9952
33,NAROK,179,NAROK NORTH,891,OLPUSIMORU,9260
33,NAROK,179,NAROK NORTH,892,OLOKURTO,11038
33,NAROK,179,NAROK NORTH,893,NAROK TOWN,29452
33,NAROK,179,NAROK NORTH,894,NKARETA,9611
33,NAROK,179,NAROK NORTH,895,OLORROPIL,13829
33,NAROK,179,NAROK NORTH,896,MELILI,15475
33,NAROK,180,NAROK EAST,897,MOSIRO,14164
33,NAROK,180,NAROK EAST,898,ILDAMAT,10070
33,NAROK,180,NAROK EAST,899,KEEKONYOKIE,11121
33,NAROK,180,NAROK EAST,900,SUSWA,11180
33,NAROK,181,NAROK SOUTH,901,MAJIMOTO/NAROOSURA,19825
33,NAROK,181,NAROK SOUTH,902,OLOLULUNG'A,15922
33,NAROK,181,NAROK SOUTH,903,MELELO,11373
33,NAROK,181,NAROK SOUTH,904,LOITA,11350
33,NAROK,181,NAROK SOUTH,905,SOGOO,10072
33,NAROK,181,NAROK SOUTH,906,SAGAMIAN,7523
33,NAROK,182,NAROK WEST,907,ILMOTIOK,19176
33,NAROK,182,NAROK WEST,908,MARA,16597
33,NAROK,182,NAROK WEST,909,SIANA,17882
33,NAROK,182,NAROK WEST,910,NAIKARRA,12941
34,KAJIADO,183,KAJIADO NORTH,911,OLKERI,31549
34,KAJIADO,183,KAJIADO NORTH,912,ONGATA RONGAI,27576
34,KAJIADO,183,KAJIADO NORTH,913,NKAIMURUNYA,33207
34,KAJIADO,183,KAJIADO NORTH,914,OLOOLUA,19810
34,KAJIADO,183,KAJIADO NORTH,915,NGONG,22738
34,KAJIADO,184,KAJIADO CENTRAL,916,PURKO,4848
34,KAJIADO,184,KAJIADO CENTRAL,917,ILDAMAT,9535
34,KAJIADO,184,KAJIADO CENTRAL,918,DALALEKUTUK,17734
34,KAJIADO,184,KAJIADO CENTRAL,919,MATAPATO NORTH,16776
34,KAJIADO,184,KAJIADO CENTRAL,920,MATAPATO SOUTH,16930
34,KAJIADO,185,KAJIADO EAST,921,KAPUTIEI NORTH,21660
34,KAJIADO,185,KAJIADO EAST,922,KITENGELA,38746
34,KAJIADO,185,KAJIADO EAST,923,OLOOSIRKON/SHOLINKE,33748
34,KAJIADO,185,KAJIADO EAST,924,KENYAWA-POKA,12782
34,KAJIADO,185,KAJIADO EAST,925,IMARORO,9400
34,KAJIADO,186,KAJIADO WEST,926,KEEKONYOKIE,33307
34,KAJIADO,186,KAJIADO WEST,927,ILOODOKILANI,9476
34,KAJIADO,186,KAJIADO WEST,928,MAGADI,11204
34,KAJIADO,186,KAJIADO WEST,929,EWUASO OONKIDONG'I,16972
34,KAJIADO,186,KAJIADO WEST,930,MOSIRO,4214
34,KAJIADO,187,KAJIADO SOUTH,931,ENTONET/LENKISIM,12775
34,KAJIADO,187,KAJIADO SOUTH,932,MBIRIKANI/ESELENKEI,10725
34,KAJIADO,187,KAJIADO SOUTH,933,KUKU,18515
34,KAJIADO,187,KAJIADO SOUTH,934,ROMBO,17467
34,KAJIADO,187,KAJIADO SOUTH,935,KIMANA,11579
35,KERICHO,188,KIPKELION EAST,936,LONDIANI,14597
35,KERICHO,188,KIPKELION EAST,937,KEDOWA/KIMUGUL,21798
35,KERICHO,188,KIPKELION EAST,938,CHEPSEON,18219
35,KERICHO,188,KIPKELION EAST,939,TENDENO/SORGET,9065
35,KERICHO,189,KIPKELION WEST,940,KUNYAK,8876
35,KERICHO,189,KIPKELION WEST,941,KAMASIAN,11827
35,KERICHO,189,KIPKELION WEST,942,KIPKELION,15140
35,KERICHO,189,KIPKELION WEST,943,CHILCHILA,17117
35,KERICHO,190,AINAMOI,944,KAPSOIT,16117
35,KERICHO,190,AINAMOI,945,AINAMOI,10473
35,KERICHO,190,AINAMOI,946,KAPKUGERWET,17635
35,KERICHO,190,AINAMOI,947,KIPCHEBOR,16520
35,KERICHO,190,AINAMOI,948,KIPCHIMCHIM,7969
35,KERICHO,190,AINAMOI,949,KAPSAOS,16310
35,KERICHO,191,BURETI,950,KISIARA,12486
35,KERICHO,191,BURETI,951,TEBESONIK,11471
35,KERICHO,191,BURETI,952,CHEBOIN,13297
35,KERICHO,191,BURETI,953,CHEMOSOT,16344
35,KERICHO,191,BURETI,954,LITEIN,15858
35,KERICHO,191,BURETI,955,CHEPLANGET,13560
35,KERICHO,191,BURETI,956,KAPKATET,12304
35,KERICHO,192,BELGUT,957,WALDAI,20119
35,KERICHO,192,BELGUT,958,KABIANGA,21052
35,KERICHO,192,BELGUT,959,CHEPTORORIET/SERETUT,11964
35,KERICHO,192,BELGUT,960,CHAIK,10584
35,KERICHO,192,BELGUT,961,KAPSUSER,11456
35,KERICHO,193,SIGOWET/SOIN,962,SIGOWET,18986
35,KERICHO,193,SIGOWET/SOIN,963,KAPLELARTET,16262
35,KERICHO,193,SIGOWET/SOIN,964,SOLIAT,9682
35,KERICHO,193,SIGOWET/SOIN,965,SOIN,10979
36,BOMET,194,SOTIK,966,NDANAI/ABOSI,17049
36,BOMET,194,SOTIK,967,CHEMAGEL,18870
36,BOMET,194,SOTIK,968,KIPSONOI,17736
36,BOMET,194,SOTIK,969,KAPLETUNDO,20992
36,BOMET,194,SOTIK,970,RONGENA/MANARET,12034
36,BOMET,195,CHEPALUNGU,971,KONG'ASIS,14005
36,BOMET,195,CHEPALUNGU,972,NYANGORES,19286
36,BOMET,195,CHEPALUNGU,973,SIGOR,15849
36,BOMET,195,CHEPALUNGU,974,CHEBUNYO,15982
36,BOMET,195,CHEPALUNGU,975,SIONGIROI,15018
36,BOMET,196,BOMET EAST,976,MERIGI,14673
36,BOMET,196,BOMET EAST,977,KEMBU,12901
36,BOMET,196,BOMET EAST,978,LONGISA,14576
36,BOMET,196,BOMET EAST,979,KIPRERES,12101
36,BOMET,196,BOMET EAST,980,CHEMANER,9389
36,BOMET,197,BOMET CENTRAL,981,SILIBWET TOWNSHIP,17882
36,BOMET,197,BOMET CENTRAL,982,NDARAWETA,12233
36,BOMET,197,BOMET CENTRAL,983,SINGORWET,12483
36,BOMET,197,BOMET CENTRAL,984,CHESOEN,17516
36,BOMET,197,BOMET CENTRAL,985,MUTARAKWA,11295
36,BOMET,198,KONOIN,986,CHEPCHABAS,9316
36,BOMET,198,KONOIN,987,KIMULOT,12321
36,BOMET,198,KONOIN,988,MOGOGOSIEK,18069
36,BOMET,198,KONOIN,989,BOITO,17019
36,BOMET,198,KONOIN,990,EMBOMOS,18390
37,KAKAMEGA,199,LUGARI,991,MAUTUMA,13465
37,KAKAMEGA,199,LUGARI,992,LUGARI,15331
37,KAKAMEGA,199,LUGARI,993,LUMAKANDA,17655
37,KAKAMEGA,199,LUGARI,994,CHEKALINI,11992
37,KAKAMEGA,199,LUGARI,995,CHEVAYWA,14821
37,KAKAMEGA,199,LUGARI,996,LWANDETI,13644
37,KAKAMEGA,200,LIKUYANI,997,LIKUYANI,16545
37,KAKAMEGA,200,LIKUYANI,998,SANGO,12022
37,KAKAMEGA,200,LIKUYANI,999,KONGONI,14564
37,KAKAMEGA,200,LIKUYANI,1000,NZOIA,16973
37,KAKAMEGA,200,LIKUYANI,1001,SINOKO,12345
37,KAKAMEGA,201,MALAVA,1002,WEST KABRAS,11699
37,KAKAMEGA,201,MALAVA,1003,CHEMUCHE,14139
37,KAKAMEGA,201,MALAVA,1004,EAST KABRAS,9995
37,KAKAMEGA,201,MALAVA,1005,BUTALI/CHEGULO,15146
37,KAKAMEGA,201,MALAVA,1006,MANDA-SHIVANGA,14677
37,KAKAMEGA,201,MALAVA,1007,SHIRUGU-MUGAI,12238
37,KAKAMEGA,201,MALAVA,1008,SOUTH KABRAS,16523
37,KAKAMEGA,202,LURAMBI,1009,BUTSOTSO EAST,11165
37,KAKAMEGA,202,LURAMBI,1010,BUTSOTSO SOUTH,9094
37,KAKAMEGA,202,LURAMBI,1011,BUTSOTSO CENTRAL,13902
37,KAKAMEGA,202,LURAMBI,1012,SHEYWE,30312
37,KAKAMEGA,202,LURAMBI,1013,MAHIAKALO,9750
37,KAKAMEGA,202,LURAMBI,1014,SHIRERE,15404
37,KAKAMEGA,203,NAVAKHOLO,1015,INGOSTSE-MATHIA,10171
37,KAKAMEGA,203,NAVAKHOLO,1016,SHINOYI-SHIKOMARI-ESUMEYIA,11689
37,KAKAMEGA,203,NAVAKHOLO,1017,BUNYALA WEST,15946
37,KAKAMEGA,203,NAVAKHOLO,1018,BUNYALA EAST,11126
37,KAKAMEGA,203,NAVAKHOLO,1019,BUNYALA CENTRAL,15811
37,KAKAMEGA,204,MUMIAS WEST,1020,MUMIAS CENTRAL,16551
37,KAKAMEGA,204,MUMIAS WEST,1021,MUMIAS NORTH,9113
37,KAKAMEGA,204,MUMIAS WEST,1022,ETENJE,13017
37,KAKAMEGA,204,MUMIAS WEST,1023,MUSANDA,14636
37,KAKAMEGA,205,MUMIAS EAST,1024,LUSHEYA/LUBINU,16731
37,KAKAMEGA,205,MUMIAS EAST,1025,MALAHA/ISONGO/MAKUNGA,14885
37,KAKAMEGA,205,MUMIAS EAST,1026,EAST WANGA,18952
37,KAKAMEGA,206,MATUNGU,1027,KOYONZO,19476
37,KAKAMEGA,206,MATUNGU,1028,KHOLERA,14513
37,KAKAMEGA,206,MATUNGU,1029,KHALABA,9414
37,KAKAMEGA,206,MATUNGU,1030,MAYONI,15352
37,KAKAMEGA,206,MATUNGU,1031,NAMAMALI,15175
37,KAKAMEGA,207,BUTERE,1032,MARAMA WEST,16581
37,KAKAMEGA,207,BUTERE,1033,MARAMA CENTRAL,20328
37,KAKAMEGA,207,BUTERE,1034,MARENYO-SHIANDA,10996
37,KAKAMEGA,207,BUTERE,1035,MARAMA NORTH,10961
37,KAKAMEGA,207,BUTERE,1036,MARAMA SOUTH,11358
37,KAKAMEGA,208,KHWISERO,1037,KISA NORTH,10810
37,KAKAMEGA,208,KHWISERO,1038,KISA EAST,10385
37,KAKAMEGA,208,KHWISERO,1039,KISA WEST,10815
37,KAKAMEGA,208,KHWISERO,1040,KISA CENTRAL,23081
37,KAKAMEGA,209,SHINYALU,1041,ISUKHA NORTH,11965
37,KAKAMEGA,209,SHINYALU,1042,MURHANDA,12994
37,KAKAMEGA,209,SHINYALU,1043,ISUKHA CENTRAL,16111
37,KAKAMEGA,209,SHINYALU,1044,ISUKHA SOUTH,16003
37,KAKAMEGA,209,SHINYALU,1045,ISUKHA EAST,9724
37,KAKAMEGA,209,SHINYALU,1046,ISUKHA WEST,10181
37,KAKAMEGA,210,IKOLOMANI,1047,IDAKHO SOUTH,10404
37,KAKAMEGA,210,IKOLOMANI,1048,IDAKHO EAST,15195
37,KAKAMEGA,210,IKOLOMANI,1049,IDAKHO NORTH,13605
37,KAKAMEGA,210,IKOLOMANI,1050,IDAKHO CENTRAL,17095
38,VIHIGA,211,VIHIGA,1051,LUGAGA-WAMULUMA,17381
38,VIHIGA,211,VIHIGA,1052,SOUTH MARAGOLI,11192
38,VIHIGA,211,VIHIGA,1053,CENTRAL MARAGOLI,13114
38,VIHIGA,211,VIHIGA,1054,MUNGOMA,10602
38,VIHIGA,212,SABATIA,1055,LYADUYWA/IZAVA,14899
38,VIHIGA,212,SABATIA,1056,WEST SABATIA,11930
38,VIHIGA,212,SABATIA,1057,CHAVAKALI,10564
38,VIHIGA,212,SABATIA,1058,NORTH MARAGOLI,10314
38,VIHIGA,212,SABATIA,1059,WODANGA,11351
38,VIHIGA,212,SABATIA,1060,BUSALI,11817
38,VIHIGA,213,HAMISI,1061,SHIRU,12686
38,VIHIGA,213,HAMISI,1062,GISAMBAI,10216
38,VIHIGA,213,HAMISI,1063,SHAMAKHOKHO,14503
38,VIHIGA,213,HAMISI,1064,BANJA,11950
38,VIHIGA,213,HAMISI,1065,MUHUDU,9183
38,VIHIGA,213,HAMISI,1066,TAMBUA,10913
38,VIHIGA,213,HAMISI,1067,JEPKOYAI,10933
38,VIHIGA,214,LUANDA,1068,LUANDA TOWNSHIP,10486
38,VIHIGA,214,LUANDA,1069,WEMILABI,11618
38,VIHIGA,214,LUANDA,1070,MWIBONA,10132
38,VIHIGA,214,LUANDA,1071,LUANDA SOUTH,11484
38,VIHIGA,214,LUANDA,1072,EMABUNGO,12590
38,VIHIGA,215,EMUHAYA,1073,NORTH EAST BUNYORE,16648
38,VIHIGA,215,EMUHAYA,1074,CENTRAL BUNYORE,16731
38,VIHIGA,215,EMUHAYA,1075,WEST BUNYORE,16806
39,BUNGOMA,216,MT. ELGON,1076,CHEPTAIS,13342
39,BUNGOMA,216,MT. ELGON,1077,CHESIKAKI,11375
39,BUNGOMA,216,MT. ELGON,1078,CHEPYUK,11075
39,BUNGOMA,216,MT. ELGON,1079,KAPKATENY,12141
39,BUNGOMA,216,MT. ELGON,1080,KAPTAMA,13714
39,BUNGOMA,216,MT. ELGON,1081,ELGON,14512
39,BUNGOMA,217,SIRISIA,1082,NAMWELA,13686
39,BUNGOMA,217,SIRISIA,1083,MALAKISI/SOUTH KULISIRU,17728
39,BUNGOMA,217,SIRISIA,1084,LWANDANYI,17303
39,BUNGOMA,218,KABUCHAI,1085,KABUCHAI/CHWELE,18288
39,BUNGOMA,218,KABUCHAI,1086,WEST NALONDO,16198
39,BUNGOMA,218,KABUCHAI,1087,BWAKE/LUUYA,15366
39,BUNGOMA,218,KABUCHAI,1088,MUKUYUNI,17369
39,BUNGOMA,219,BUMULA,1089,SOUTH BUKUSU,11587
39,BUNGOMA,219,BUMULA,1090,BUMULA,13425
39,BUNGOMA,219,BUMULA,1091,KHASOKO,9270
39,BUNGOMA,219,BUMULA,1092,KABULA,9817
39,BUNGOMA,219,BUMULA,1093,KIMAETI,15546
39,BUNGOMA,219,BUMULA,1094,WEST BUKUSU,9769
39,BUNGOMA,219,BUMULA,1095,SIBOTI,12633
39,BUNGOMA,220,KANDUYI,1096,BUKEMBE WEST,10831
39,BUNGOMA,220,KANDUYI,1097,BUKEMBE EAST,13035
39,BUNGOMA,220,KANDUYI,1098,TOWNSHIP,17919
39,BUNGOMA,220,KANDUYI,1099,KHALABA,14167
39,BUNGOMA,220,KANDUYI,1100,MUSIKOMA,15826
39,BUNGOMA,220,KANDUYI,1101,EAST SANG'ALO,15555
39,BUNGOMA,220,KANDUYI,1102,MARAKARU/TUUTI,16191
39,BUNGOMA,220,KANDUYI,1103,WEST SANG'ALO,14809
39,BUNGOMA,221,WEBUYE EAST,1104,MIHUU,17438
39,BUNGOMA,221,WEBUYE EAST,1105,NDIVISI,17755
39,BUNGOMA,221,WEBUYE EAST,1106,MARAKA,13757
39,BUNGOMA,222,WEBUYE WEST,1107,MISIKHU,14118
39,BUNGOMA,222,WEBUYE WEST,1108,SITIKHO,12540
39,BUNGOMA,222,WEBUYE WEST,1109,MATULO,16304
39,BUNGOMA,222,WEBUYE WEST,1110,BOKOLI,15670
39,BUNGOMA,223,KIMILILI,1111,KIBINGEI,15664
39,BUNGOMA,223,KIMILILI,1112,KIMILILI,19062
39,BUNGOMA,223,KIMILILI,1113,MAENI,11452
39,BUNGOMA,223,KIMILILI,1114,KAMUKUYWA,15409
39,BUNGOMA,224,TONGAREN,1115,MBAKALO,13311
39,BUNGOMA,224,TONGAREN,1116,NAITIRI/KABUYEFWE,16232
39,BUNGOMA,224,TONGAREN,1117,MILIMA,15700
39,BUNGOMA,224,TONGAREN,1118,NDALU/TABANI,11250
39,BUNGOMA,224,TONGAREN,1119,TONGAREN,15124
39,BUNGOMA,224,TONGAREN,1120,SOYSAMBU/MITUA,13335
40,BUSIA,225,TESO NORTH,1121,MALABA CENTRAL,13248
40,BUSIA,225,TESO NORTH,1122,MALABA NORTH,8401
40,BUSIA,225,TESO NORTH,1123,ANG'URAI SOUTH,9821
40,BUSIA,225,TESO NORTH,1124,ANG'URAI NORTH,10148
40,BUSIA,225,TESO NORTH,1125,ANG'URAI EAST,7764
40,BUSIA,225,TESO NORTH,1126,MALABA SOUTH,10413
40,BUSIA,226,TESO SOUTH,1127,ANG'OROM,13730
40,BUSIA,226,TESO SOUTH,1128,CHAKOL SOUTH,15351
40,BUSIA,226,TESO SOUTH,1129,CHAKOL NORTH,9450
40,BUSIA,226,TESO SOUTH,1130,AMUKURA WEST,8862
40,BUSIA,226,TESO SOUTH,1131,AMUKURA EAST,11549
40,BUSIA,226,TESO SOUTH,1132,AMUKURA CENTRAL,12326
40,BUSIA,227,NAMBALE,1133,NAMBALE TOWNSHIP,17638
40,BUSIA,227,NAMBALE,1134,BUKHAYO NORTH/WALTSI,10945
40,BUSIA,227,NAMBALE,1135,BUKHAYO EAST,11614
40,BUSIA,227,NAMBALE,1136,BUKHAYO CENTRAL,10348
40,BUSIA,228,MATAYOS,1137,BUKHAYO WEST,17548
40,BUSIA,228,MATAYOS,1138,MAYENJE,8184
40,BUSIA,228,MATAYOS,1139,MATAYOS SOUTH,15980
40,BUSIA,228,MATAYOS,1140,BUSIBWABO,6500
40,BUSIA,228,MATAYOS,1141,BURUMBA,19496
40,BUSIA,229,BUTULA,1142,MARACHI WEST,11575
40,BUSIA,229,BUTULA,1143,KINGANDOLE,9906
40,BUSIA,229,BUTULA,1144,MARACHI CENTRAL,11685
40,BUSIA,229,BUTULA,1145,MARACHI EAST,11105
40,BUSIA,229,BUTULA,1146,MARACHI NORTH,12937
40,BUSIA,229,BUTULA,1147,ELUGULU,10169
40,BUSIA,230,FUNYULA,1148,NAMBOBOTO NAMBUKU,15900
40,BUSIA,230,FUNYULA,1149,NANGINA,12527
40,BUSIA,230,FUNYULA,1150,AGENG'A NANGUBA,14284
40,BUSIA,230,FUNYULA,1151,BWIRI,11320
40,BUSIA,231,BUDALANGI,1152,BUNYALA CENTRAL,7725
40,BUSIA,231,BUDALANGI,1153,BUNYALA NORTH,13637
40,BUSIA,231,BUDALANGI,1154,BUNYALA WEST,14863
40,BUSIA,231,BUDALANGI,1155,BUNYALA SOUTH,9807
41,SIAYA,232,UGENYA,1156,WEST UGENYA,18973
41,SIAYA,232,UGENYA,1157,UKWALA,14870
41,SIAYA,232,UGENYA,1158,NORTH UGENYA,16987
41,SIAYA,232,UGENYA,1159,EAST UGENYA,18197
41,SIAYA,233,UGUNJA,1160,SIDINDI,14980
41,SIAYA,233,UGUNJA,1161,SIGOMERE,18052
41,SIAYA,233,UGUNJA,1162,UGUNJA,27082
41,SIAYA,234,ALEGO USONGA,1163,USONGA,9273
41,SIAYA,234,ALEGO USONGA,1164,WEST ALEGO,19154
41,SIAYA,234,ALEGO USONGA,1165,CENTRAL ALEGO,18893
41,SIAYA,234,ALEGO USONGA,1166,SIAYA TOWNSHIP,26832
41,SIAYA,234,ALEGO USONGA,1167,NORTH ALEGO,19005
41,SIAYA,234,ALEGO USONGA,1168,SOUTH EAST ALEGO,28845
41,SIAYA,235,GEM,1169,NORTH GEM,19321
41,SIAYA,235,GEM,1170,WEST GEM,14228
41,SIAYA,235,GEM,1171,CENTRAL GEM,13633
41,SIAYA,235,GEM,1172,YALA TOWNSHIP,13874
41,SIAYA,235,GEM,1173,EAST GEM,13952
41,SIAYA,235,GEM,1174,SOUTH GEM,18560
41,SIAYA,236,BONDO,1175,WEST YIMBO,15638
41,SIAYA,236,BONDO,1176,CENTRAL SAKWA,13782
41,SIAYA,236,BONDO,1177,SOUTH SAKWA,14827
41,SIAYA,236,BONDO,1178,YIMBO EAST,17008
41,SIAYA,236,BONDO,1179,WEST SAKWA,21323
41,SIAYA,236,BONDO,1180,NORTH SAKWA,21457
41,SIAYA,237,RARIEDA,1181,EAST ASEMBO,21741
41,SIAYA,237,RARIEDA,1182,WEST ASEMBO,21599
41,SIAYA,237,RARIEDA,1183,NORTH UYOMA,13158
41,SIAYA,237,RARIEDA,1184,SOUTH UYOMA,11140
41,SIAYA,237,RARIEDA,1185,WEST UYOMA,17211
42,KISUMU,238,KISUMU EAST,1186,KAJULU,26717
42,KISUMU,238,KISUMU EAST,1187,KOLWA EAST,15294
42,KISUMU,238,KISUMU EAST,1188,MANYATTA 'B',15095
42,KISUMU,238,KISUMU EAST,1189,NYALENDA 'A',13765
42,KISUMU,238,KISUMU EAST,1190,KOLWA CENTRAL,22306
42,KISUMU,239,KISUMU WEST,1191,SOUTH WEST KISUMU,15592
42,KISUMU,239,KISUMU WEST,1192,CENTRAL KISUMU,21829
42,KISUMU,239,KISUMU WEST,1193,KISUMU NORTH,17599
42,KISUMU,239,KISUMU WEST,1194,WEST KISUMU,13932
42,KISUMU,239,KISUMU WEST,1195,NORTH WEST KISUMU,13975
42,KISUMU,240,KISUMU CENTRAL,1196,RAILWAYS,25365
42,KISUMU,240,KISUMU CENTRAL,1197,MIGOSI,18193
42,KISUMU,240,KISUMU CENTRAL,1198,SHAURIMOYO KALOLENI,17675
42,KISUMU,240,KISUMU CENTRAL,1199,MARKET MILIMANI,29278
42,KISUMU,240,KISUMU CENTRAL,1200,KONDELE,23019
42,KISUMU,240,KISUMU CENTRAL,1201,NYALENDA B,16619
42,KISUMU,241,SEME,1202,WEST SEME,17896
42,KISUMU,241,SEME,1203,CENTRAL SEME,14995
42,KISUMU,241,SEME,1204,EAST SEME,13920
42,KISUMU,241,SEME,1205,NORTH SEME,15234
42,KISUMU,242,NYANDO,1206,EAST KANO/WAWIDHI,10146
42,KISUMU,242,NYANDO,1207,AWASI/ONJIKO,18448
42,KISUMU,242,NYANDO,1208,AHERO,18131
42,KISUMU,242,NYANDO,1209,KABONYO/KANYAGWAL,13012
42,KISUMU,242,NYANDO,1210,KOBURA,21020
42,KISUMU,243,MUHORONI,1211,MIWANI,10846
42,KISUMU,243,MUHORONI,1212,OMBEYI,13969
42,KISUMU,243,MUHORONI,1213,MASOGO/NYANG'OMA,18629
42,KISUMU,243,MUHORONI,1214,CHEMELIL,16933
42,KISUMU,243,MUHORONI,1215,MUHORONI/KORU,19388
42,KISUMU,244,NYAKACH,1216,SOUTH WEST NYAKACH,10003
42,KISUMU,244,NYAKACH,1217,NORTH NYAKACH,21438
42,KISUMU,244,NYAKACH,1218,CENTRAL NYAKACH,14199
42,KISUMU,244,NYAKACH,1219,WEST NYAKACH,14900
42,KISUMU,244,NYAKACH,1220,SOUTH EAST NYAKACH,17394
43,HOMA BAY,245,KASIPUL,1221,WEST KASIPUL,14303
43,HOMA BAY,245,KASIPUL,1222,SOUTH KASIPUL,14318
43,HOMA BAY,245,KASIPUL,1223,CENTRAL KASIPUL,15476
43,HOMA BAY,245,KASIPUL,1224,EAST KAMAGAK,9074
43,HOMA BAY,245,KASIPUL,1225,WEST KAMAGAK,14342
43,HOMA BAY,246,KABONDO KASIPUL,1226,KABONDO EAST,17062
43,HOMA BAY,246,KABONDO KASIPUL,1227,KABONDO WEST,16927
43,HOMA BAY,246,KABONDO KASIPUL,1228,KOKWANYO/KAKELO,15402
43,HOMA BAY,246,KABONDO KASIPUL,1229,KOJWACH,10519
43,HOMA BAY,247,KARACHUONYO,1230,WEST KARACHUONYO,11870
43,HOMA BAY,247,KARACHUONYO,1231,NORTH KARACHUONYO,13731
43,HOMA BAY,247,KARACHUONYO,1232,CENTRAL,12560
43,HOMA BAY,247,KARACHUONYO,1233,KANYALUO,11255
43,HOMA BAY,247,KARACHUONYO,1234,KIBIRI,12053
43,HOMA BAY,247,KARACHUONYO,1235,WANGCHIENG,19362
43,HOMA BAY,247,KARACHUONYO,1236,KENDU BAY TOWN,13350
43,HOMA BAY,248,RANGWE,1237,WEST GEM,12456
43,HOMA BAY,248,RANGWE,1238,EAST GEM,13448
43,HOMA BAY,248,RANGWE,1239,KAGAN,16000
43,HOMA BAY,248,RANGWE,1240,KOCHIA,16982
43,HOMA BAY,249,HOMA BAY TOWN,1241,HOMA BAY CENTRAL,21119
43,HOMA BAY,249,HOMA BAY TOWN,1242,HOMA BAY ARUJO,13283
43,HOMA BAY,249,HOMA BAY TOWN,1243,HOMA BAY WEST,8283
43,HOMA BAY,249,HOMA BAY TOWN,1244,HOMA BAY EAST,15650
43,HOMA BAY,250,NDHIWA,1245,KWABWAI,16085
43,HOMA BAY,250,NDHIWA,1246,KANYADOTO,9315
43,HOMA BAY,250,NDHIWA,1247,KANYIKELA,5350
43,HOMA BAY,250,NDHIWA,1248,KABUOCH NORTH,19358
43,HOMA BAY,250,NDHIWA,1249,KABUOCH SOUTH/PALA,13741
43,HOMA BAY,250,NDHIWA,1250,KANYAMWA KOLOGI,13399
43,HOMA BAY,250,NDHIWA,1251,KANYAMWA KOSEWE,19486
43,HOMA BAY,251,SUBA NORTH,1252,MFANGANO ISLAND,10569
43,HOMA BAY,251,SUBA NORTH,1253,RUSINGA ISLAND,14320
43,HOMA BAY,251,SUBA NORTH,1254,KASGUNGA,12876
43,HOMA BAY,251,SUBA NORTH,1255,GEMBE,9941
43,HOMA BAY,251,SUBA NORTH,1256,LAMBWE,12968
43,HOMA BAY,252,SUBA SOUTH,1257,GWASSI SOUTH,18433
43,HOMA BAY,252,SUBA SOUTH,1258,GWASSI NORTH,15405
43,HOMA BAY,252,SUBA SOUTH,1259,KAKSINGRI WEST,13960
43,HOMA BAY,252,SUBA SOUTH,1260,RUMA-KAKSINGRI,7040
44,MIGORI,253,RONGO,1261,NORTH KAMAGAMBO,10426
44,MIGORI,253,RONGO,1262,CENTRAL KAMAGAMBO,19077
44,MIGORI,253,RONGO,1263,EAST KAMAGAMBO,16141
44,MIGORI,253,RONGO,1264,SOUTH KAMAGAMBO,13537
44,MIGORI,254,AWENDO,1265,NORTH SAKWA,11768
44,MIGORI,254,AWENDO,1266,SOUTH SAKWA,17750
44,MIGORI,254,AWENDO,1267,WEST SAKWA,11831
44,MIGORI,254,AWENDO,1268,CENTRAL SAKWA,14623
44,MIGORI,255,SUNA EAST,1269,GOD JOPE,10344
44,MIGORI,255,SUNA EAST,1270,SUNA CENTRAL,18244
44,MIGORI,255,SUNA EAST,1271,KAKRAO,16948
44,MIGORI,255,SUNA EAST,1272,KWA,8929
44,MIGORI,256,SUNA WEST,1273,WIGA,13692
44,MIGORI,256,SUNA WEST,1274,WASWETA II,12007
44,MIGORI,256,SUNA WEST,1275,RAGANA-ORUBA,20216
44,MIGORI,256,SUNA WEST,1276,WASIMBETE,10771
44,MIGORI,257,URIRI,1277,WEST KANYAMKAGO,14886
44,MIGORI,257,URIRI,1278,NORTH KANYAMKAGO,16336
44,MIGORI,257,URIRI,1279,CENTRAL KANYAMKAGO,10295
44,MIGORI,257,URIRI,1280,SOUTH KANYAMKAGO,16057
44,MIGORI,257,URIRI,1281,EAST KANYAMKAGO,7489
44,MIGORI,258,NYATIKE,1282,KACHIEN'G,10551
44,MIGORI,258,NYATIKE,1283,KANYASA,7748
44,MIGORI,258,NYATIKE,1284,NORTH KADEM,15113
44,MIGORI,258,NYATIKE,1285,MACALDER/KANYARWANDA,13187
44,MIGORI,258,NYATIKE,1286,KALER,5727
44,MIGORI,258,NYATIKE,1287,GOT KACHOLA,10923
44,MIGORI,258,NYATIKE,1288,MUHURU,10183
44,MIGORI,259,KURIA WEST,1289,BUKIRA EAST,8957
44,MIGORI,259,KURIA WEST,1290,BUKIRA CENTRL/IKEREGE,7865
44,MIGORI,259,KURIA WEST,1291,ISIBANIA,9169
44,MIGORI,259,KURIA WEST,1292,MAKERERO,6056
44,MIGORI,259,KURIA WEST,1293,MASABA,9214
44,MIGORI,259,KURIA WEST,1294,TAGARE,9780
44,MIGORI,259,KURIA WEST,1295,NYAMOSENSE/KOMOSOKO,11203
44,MIGORI,260,KURIA EAST,1296,GOKEHARAKA/GETAMBWEGA,7962
44,MIGORI,260,KURIA EAST,1297,NTIMARU WEST,8628
44,MIGORI,260,KURIA EAST,1298,NTIMARU EAST,5591
44,MIGORI,260,KURIA EAST,1299,NYABASI EAST,8930
44,MIGORI,260,KURIA EAST,1300,NYABASI WEST,10865
45,KISII,261,BONCHARI,1301,BOMARIBA,11167
45,KISII,261,BONCHARI,1302,BOGIAKUMU,17744
45,KISII,261,BONCHARI,1303,BOMORENDA,17363
45,KISII,261,BONCHARI,1304,RIANA,18356
45,KISII,262,SOUTH MUGIRANGO,1305,TABAKA,16395
45,KISII,262,SOUTH MUGIRANGO,1306,BOIKANG'A,10127
45,KISII,262,SOUTH MUGIRANGO,1307,BOGETENGA,14408
45,KISII,262,SOUTH MUGIRANGO,1308,BORABU/CHITAGO,17760
45,KISII,262,SOUTH MUGIRANGO,1309,MOTICHO,12699
45,KISII,262,SOUTH MUGIRANGO,1310,GETENGA,7615
45,KISII,263,BOMACHOGE BORABU,1311,BOMBABA BORABU,12474
45,KISII,263,BOMACHOGE BORABU,1312,BOOCHI BORABU,8650
45,KISII,263,BOMACHOGE BORABU,1313,BOKIMONGE,18795
45,KISII,263,BOMACHOGE BORABU,1314,MAGENCHE,17072
45,KISII,264,BOBASI,1315,MASIGE WEST,12614
45,KISII,264,BOBASI,1316,MASIGE EAST,11667
45,KISII,264,BOBASI,1317,BASI CENTRAL,13122
45,KISII,264,BOBASI,1318,NYACHEKI,16988
45,KISII,264,BOBASI,1319,BASI BOGETAORIO,16319
45,KISII,264,BOBASI,1320,BOBASI CHACHE,12997
45,KISII,264,BOBASI,1321,SAMETA/MOKWERERO,11884
45,KISII,264,BOBASI,1322,BOBASI BOITANGARE,10469
45,KISII,265,BOMACHOGE CHACHE,1323,MAJOGE BASI,13016
45,KISII,265,BOMACHOGE CHACHE,1324,BOOCHI/TENDERE,17987
45,KISII,265,BOMACHOGE CHACHE,1325,BOSOTI/SENGERA,18298
45,KISII,266,NYARIBARI MASABA,1326,ICHUNI,15662
45,KISII,266,NYARIBARI MASABA,1327,NYAMASIBI,11782
45,KISII,266,NYARIBARI MASABA,1328,MASIMBA,14188
45,KISII,266,NYARIBARI MASABA,1329,GESUSU,14569
45,KISII,266,NYARIBARI MASABA,1330,KIAMOKAMA,12392
45,KISII,267,NYARIBARI CHACHE,1331,BOBARACHO,19235
45,KISII,267,NYARIBARI CHACHE,1332,KISII CENTRAL,24550
45,KISII,267,NYARIBARI CHACHE,1333,KEUMBU,10022
45,KISII,267,NYARIBARI CHACHE,1334,KIOGORO,10510
45,KISII,267,NYARIBARI CHACHE,1335,BIRONGO,11320
45,KISII,267,NYARIBARI CHACHE,1336,IBENO,12916
45,KISII,268,KITUTU CHACHE NORTH,1337,MONYERERO,15350
45,KISII,268,KITUTU CHACHE NORTH,1338,SENSI,15165
45,KISII,268,KITUTU CHACHE NORTH,1339,MARANI,15466
45,KISII,268,KITUTU CHACHE NORTH,1340,KEGOGI,10989
45,KISII,269,KITUTU CHACHE SOUTH,1341,BOGUSERO,12271
45,KISII,269,KITUTU CHACHE SOUTH,1342,BOGEKA,7774
45,KISII,269,KITUTU CHACHE SOUTH,1343,NYAKOE,12178
45,KISII,269,KITUTU CHACHE SOUTH,1344,KITUTU CENTRAL,24345
45,KISII,269,KITUTU CHACHE SOUTH,1345,NYATIEKO,10340
46,NYAMIRA,270,KITUTU MASABA,1346,RIGOMA,19808
46,NYAMIRA,270,KITUTU MASABA,1347,GACHUBA,16245
46,NYAMIRA,270,KITUTU MASABA,1348,KEMERA,18264
46,NYAMIRA,270,KITUTU MASABA,1349,MAGOMBO,13683
46,NYAMIRA,270,KITUTU MASABA,1350,MANGA,19212
46,NYAMIRA,270,KITUTU MASABA,1351,GESIMA,19057
46,NYAMIRA,271,WEST MUGIRANGO,1352,NYAMAIYA,16431
46,NYAMIRA,271,WEST MUGIRANGO,1353,BOGICHORA,21267
46,NYAMIRA,271,WEST MUGIRANGO,1354,BOSAMARO,20028
46,NYAMIRA,271,WEST MUGIRANGO,1355,BONYAMATUTA,15455
46,NYAMIRA,271,WEST MUGIRANGO,1356,TOWNSHIP,15018
46,NYAMIRA,272,NORTH MUGIRANGO,1357,ITIBO,13950
46,NYAMIRA,272,NORTH MUGIRANGO,1358,BOMWAGAMO,10152
46,NYAMIRA,272,NORTH MUGIRANGO,1359,BOKEIRA,13595
46,NYAMIRA,272,NORTH MUGIRANGO,1360,MAGWAGWA,12780
46,NYAMIRA,272,NORTH MUGIRANGO,1361,EKERENYO,14273
46,NYAMIRA,273,BORABU,1362,MEKENENE,10730
46,NYAMIRA,273,BORABU,1363,KIABONYORU,22625
46,NYAMIRA,273,BORABU,1364,NYANSIONGO,16050
46,NYAMIRA,273,BORABU,1365,ESISE,14660
47,NAIROBI CITY,274,WESTLANDS,1366,KITISURU,29237
47,NAIROBI CITY,274,WESTLANDS,1367,PARKLANDS/HIGHRIDGE,37144
47,NAIROBI CITY,274,WESTLANDS,1368,KARURA,29548
47,NAIROBI CITY,274,WESTLANDS,1369,KANGEMI,32551
47,NAIROBI CITY,274,WESTLANDS,1370,MOUNTAIN VIEW,32259
47,NAIROBI CITY,275,DAGORETTI NORTH,1371,KILIMANI,38927
47,NAIROBI CITY,275,DAGORETTI NORTH,1372,KAWANGWARE,28468
47,NAIROBI CITY,275,DAGORETTI NORTH,1373,GATINA,34831
47,NAIROBI CITY,275,DAGORETTI NORTH,1374,KILELESHWA,26343
47,NAIROBI CITY,275,DAGORETTI NORTH,1375,KABIRO,29090
47,NAIROBI CITY,276,DAGORETTI SOUTH,1376,MUTU-INI,13484
47,NAIROBI CITY,276,DAGORETTI SOUTH,1377,NGANDO,24892
47,NAIROBI CITY,276,DAGORETTI SOUTH,1378,RIRUTA,37766
47,NAIROBI CITY,276,DAGORETTI SOUTH,1379,UTHIRU/RUTHIMITU,19657
47,NAIROBI CITY,276,DAGORETTI SOUTH,1380,WAITHAKA,19131
47,NAIROBI CITY,277,LANGATA,1381,KAREN,34450
47,NAIROBI CITY,277,LANGATA,1382,NAIROBI WEST,18386
47,NAIROBI CITY,277,LANGATA,1383,MUGUMU-INI,37864
47,NAIROBI CITY,277,LANGATA,1384,SOUTH C,33149
47,NAIROBI CITY,277,LANGATA,1385,NYAYO HIGHRISE,21800
47,NAIROBI CITY,278,KIBRA,1386,LAINI SABA,19378
47,NAIROBI CITY,278,KIBRA,1387,LINDI,19082
47,NAIROBI CITY,278,KIBRA,1388,MAKINA,28408
47,NAIROBI CITY,278,KIBRA,1389,WOODLEY/KENYATTA GOLF COURSE,28972
47,NAIROBI CITY,278,KIBRA,1390,SARANGOMBE,32442
47,NAIROBI CITY,279,ROYSAMBU,1391,GITHURAI,35899
47,NAIROBI CITY,279,ROYSAMBU,1392,KAHAWA WEST,38586
47,NAIROBI CITY,279,ROYSAMBU,1393,ZIMMERMAN,30701
47,NAIROBI CITY,279,ROYSAMBU,1394,ROYSAMBU,31158
47,NAIROBI CITY,279,ROYSAMBU,1395,KAHAWA,17428
47,NAIROBI CITY,280,KASARANI,1396,CLAY CITY,34387
47,NAIROBI CITY,280,KASARANI,1397,MWIKI,27837
47,NAIROBI CITY,280,KASARANI,1398,KASARANI,27525
47,NAIROBI CITY,280,KASARANI,1399,NJIRU,28140
47,NAIROBI CITY,280,KASARANI,1400,RUAI,37361
47,NAIROBI CITY,281,RUARAKA,1401,BABA DOGO,29419
47,NAIROBI CITY,281,RUARAKA,1402,UTALII,27599
47,NAIROBI CITY,281,RUARAKA,1403,MATHARE NORTH,29334
47,NAIROBI CITY,281,RUARAKA,1404,LUCKY SUMMER,20690
47,NAIROBI CITY,281,RUARAKA,1405,KOROGOCHO,17440
47,NAIROBI CITY,282,EMBAKASI SOUTH,1406,IMARA DAIMA,38096
47,NAIROBI CITY,282,EMBAKASI SOUTH,1407,KWA NJENGA,28554
47,NAIROBI CITY,282,EMBAKASI SOUTH,1408,KWA REUBEN,33591
47,NAIROBI CITY,282,EMBAKASI SOUTH,1409,PIPELINE,37900
47,NAIROBI CITY,282,EMBAKASI SOUTH,1410,KWARE,29812
47,NAIROBI CITY,283,EMBAKASI NORTH,1411,KARIOBANGI NORTH,24500
47,NAIROBI CITY,283,EMBAKASI NORTH,1412,DANDORA AREA I,20543
47,NAIROBI CITY,283,EMBAKASI NORTH,1413,DANDORA AREA II,19761
47,NAIROBI CITY,283,EMBAKASI NORTH,1414,DANDORA AREA III,21247
47,NAIROBI CITY,283,EMBAKASI NORTH,1415,DANDORA AREA IV,27293
47,NAIROBI CITY,284,EMBAKASI CENTRAL,1416,KAYOLE NORTH,25563
47,NAIROBI CITY,284,EMBAKASI CENTRAL,1417,KAYOLE CENTRAL,26855
47,NAIROBI CITY,284,EMBAKASI CENTRAL,1418,KAYOLE SOUTH,41154
47,NAIROBI CITY,284,EMBAKASI CENTRAL,1419,KOMAROCK,33127
47,NAIROBI CITY,284,EMBAKASI CENTRAL,1420,MATOPENI/SPRING VALLEY,19193
47,NAIROBI CITY,285,EMBAKASI EAST,1421,UPPER SAVANNAH,28928
47,NAIROBI CITY,285,EMBAKASI EAST,1422,LOWER SAVANNAH,30104
47,NAIROBI CITY,285,EMBAKASI EAST,1423,EMBAKASI,46291
47,NAIROBI CITY,285,EMBAKASI EAST,1424,UTAWALA,25707
47,NAIROBI CITY,285,EMBAKASI EAST,1425,MIHANGO,23569
47,NAIROBI CITY,286,EMBAKASI WEST,1426,UMOJA I,40554
47,NAIROBI CITY,286,EMBAKASI WEST,1427,UMOJA II,39562
47,NAIROBI CITY,286,EMBAKASI WEST,1428,MOWLEM,23423
47,NAIROBI CITY,286,EMBAKASI WEST,1429,KARIOBANGI SOUTH,38339
47,NAIROBI CITY,287,MAKADARA,1430,MARINGO/HAMZA,39821
47,NAIROBI CITY,287,MAKADARA,1431,VIWANDANI,24650
47,NAIROBI CITY,287,MAKADARA,1432,HARAMBEE,36498
47,NAIROBI CITY,287,MAKADARA,1433,MAKONGENI,28658
47,NAIROBI CITY,288,KAMUKUNJI,1434,PUMWANI,39130
47,NAIROBI CITY,288,KAMUKUNJI,1435,EASTLEIGH NORTH,27523
47,NAIROBI CITY,288,KAMUKUNJI,1436,EASTLEIGH SOUTH,28019
47,NAIROBI CITY,288,KAMUKUNJI,1437,AIRBASE,16352
47,NAIROBI CITY,288,KAMUKUNJI,1438,CALIFORNIA,17492
47,NAIROBI CITY,289,STAREHE,1439,NAIROBI CENTRAL,52186
47,NAIROBI CITY,289,STAREHE,1440,NGARA,27816
47,NAIROBI CITY,289,STAREHE,1441,PANGANI,18494
47,NAIROBI CITY,289,STAREHE,1442,ZIWANI/KARIOKOR,16790
47,NAIROBI CITY,289,STAREHE,1443,LANDIMAWE,20436
47,NAIROBI CITY,289,STAREHE,1444,NAIROBI SOUTH,33853
47,NAIROBI CITY,290,MATHARE,1445,HOSPITAL,12512
47,NAIROBI CITY,290,MATHARE,1446,MABATINI,20976
47,NAIROBI CITY,290,MATHARE,1447,HURUMA,23018
47,NAIROBI CITY,290,MATHARE,1448,NGEI,24699
47,NAIROBI CITY,290,MATHARE,1449,MLANGO KUBWA,22765
47,NAIROBI CITY,290,MATHARE,1450,KIAMAIKO,19193